"id","match_date_weekday_id","match_date_day","match_date_month_id","match_date_year","home_team_name_id","away_team_name_id","home_team_goal","away_team_goal"
1940,6,"12",3,"2008",5,25,"1","1"
1824,6,"26",3,"2008",34,7,"2","2"
1709,6,"3",2,"2008",31,5,"0","1"
1742,6,"3",2,"2008",28,30,"0","2"
1587,3,"11",2,"2008",30,16,"0","2"
1949,6,"12",3,"2008",23,13,"1","2"
1880,6,"19",3,"2008",10,37,"2","1"
1654,3,"11",2,"2008",4,32,"1","1"
1932,3,"13",3,"2008",7,33,"3","1"
1646,3,"11",2,"2008",37,31,"0","4"
1833,4,"21",3,"2008",13,36,"3","1"
1693,3,"4",2,"2008",20,11,"1","0"
1854,3,"20",3,"2008",22,23,"2","0"
1685,3,"4",2,"2008",32,23,"2","0"
1677,4,"5",2,"2008",7,13,"1","0"
1750,7,"29",3,"2008",37,20,"2","6"
1670,7,"6",2,"2008",22,4,"0","2"
1604,3,"11",2,"2008",5,7,"0","2"
1998,3,"6",3,"2008",25,16,"2","2"
1662,3,"11",2,"2008",34,33,"4","1"
1805,6,"26",3,"2008",23,25,"3","2"
1973,6,"12",3,"2008",32,10,"1","0"
1957,6,"12",3,"2008",31,14,"0","2"
2004,3,"6",3,"2008",NULL,NULL,"",""
1701,6,"3",2,"2008",16,10,"4","1"
1638,3,"11",2,"2008",11,22,"3","1"
1630,3,"11",2,"2008",25,13,"8","1"
1622,3,"11",2,"2008",36,14,"0","1"
1797,6,"26",3,"2008",5,32,"1","1"
1817,6,"26",3,"2008",13,14,"2","3"
1912,7,"15",3,"2008",4,30,"1","1"
1919,4,"14",3,"2008",16,20,"2","1"
1847,3,"20",3,"2008",28,34,"5","1"
1981,6,"12",3,"2008",34,11,"1","1"
1841,3,"20",3,"2008",33,16,"1","1"
1872,6,"19",3,"2008",30,5,"1","1"
1886,6,"19",3,"2008",25,32,"0","1"
1612,3,"11",2,"2008",23,20,"0","1"
1965,6,"12",3,"2008",37,28,"0","6"
1992,2,"9",3,"2008",10,36,"0","1"
1595,3,"11",2,"2008",10,28,"2","2"
1780,6,"26",3,"2008",30,31,"0","0"
1894,6,"19",3,"2008",14,7,"0","2"
1900,5,"18",3,"2008",11,4,"0","1"
1773,6,"26",3,"2008",4,16,"2","1"
1788,6,"26",3,"2008",10,22,"2","2"
1765,3,"27",3,"2008",36,33,"0","1"
1756,4,"28",3,"2008",11,28,"2","2"
1924,3,"13",3,"2008",36,22,"0","0"
1735,6,"3",2,"2008",33,37,"3","1"
1727,6,"3",2,"2008",14,34,"2","0"
1860,6,"19",3,"2008",20,31,"2","0"
1716,6,"3",2,"2008",25,36,"2","0"
1871,6,"2",2,"2009",36,20,"0","3"
1832,4,"4",2,"2009",23,11,"0","2"
1794,6,"9",2,"2009",14,28,"3","1"
1840,3,"3",2,"2009",7,22,"3","0"
1802,6,"9",2,"2009",11,5,"0","0"
1846,6,"2",2,"2009",30,32,"0","0"
1810,6,"9",2,"2009",32,23,"0","0"
1853,6,"2",2,"2009",5,18,"1","0"
1818,6,"9",2,"2009",33,36,"2","0"
1861,6,"2",2,"2009",19,10,"0","1"
1826,7,"5",2,"2009",28,26,"1","0"
1901,7,"28",3,"2009",22,36,"0","0"
1897,6,"2",2,"2009",25,16,"0","2"
1909,4,"27",3,"2009",33,30,"2","0"
1879,6,"2",2,"2009",13,33,"3","1"
1887,6,"2",2,"2009",4,14,"3","1"
1917,3,"26",3,"2009",16,5,"5","2"
1577,4,"25",2,"2009",10,25,"2","1"
1584,4,"25",2,"2009",23,4,"2","3"
1592,4,"25",2,"2009",13,32,"1","0"
1982,1,"23",3,"2009",16,36,"2","0"
1617,4,"25",2,"2009",14,11,"0","2"
1626,4,"25",2,"2009",33,18,"0","0"
1975,6,"25",3,"2009",32,28,"1","1"
1635,4,"25",2,"2009",28,22,"1","0"
1601,4,"25",2,"2009",7,5,"3","1"
1608,4,"25",2,"2009",26,16,"0","1"
1968,6,"25",3,"2009",11,13,"1","2"
1661,4,"18",2,"2009",4,33,"2","0"
1700,6,"16",2,"2009",22,14,"0","1"
1667,3,"17",2,"2009",18,7,"0","2"
1707,6,"16",2,"2009",25,28,"1","1"
1675,6,"16",2,"2009",16,20,"0","0"
1684,6,"16",2,"2009",5,13,"2","1"
1717,6,"16",2,"2009",11,10,"3","1"
1692,6,"16",2,"2009",19,30,"2","0"
1961,6,"25",3,"2009",14,19,"1","0"
1645,4,"25",2,"2009",20,19,"4","1"
1748,4,"11",2,"2009",20,4,"1","4"
1653,7,"19",2,"2009",36,23,"3","1"
1990,1,"23",3,"2009",4,11,"0","0"
1759,3,"10",2,"2009",10,7,"0","3"
1739,7,"12",2,"2009",22,25,"3","1"
1724,6,"16",2,"2009",32,26,"1","1"
1732,1,"14",2,"2009",30,16,"1","2"
1926,3,"26",3,"2009",20,25,"2","0"
1954,6,"25",3,"2009",26,7,"1","3"
1935,6,"25",3,"2009",10,4,"0","1"
1946,6,"25",3,"2009",18,23,"3","0"
1571,4,"25",2,"2009",30,36,"1","0"
2006,3,"19",3,"2009",NULL,NULL,"",""
2003,2,"22",3,"2009",7,20,"4","4"
1766,3,"10",2,"2009",16,13,"2","0"
1783,6,"9",2,"2009",26,19,"1","2"
1774,6,"9",2,"2009",18,30,"3","1"
1784,6,"24",3,"2010",26,23,"0","1"
1777,6,"24",3,"2010",10,30,"3","2"
1869,6,"17",3,"2010",13,16,"0","1"
1836,3,"18",3,"2010",30,20,"3","2"
1647,4,"3",2,"2010",23,16,"0","1"
1844,6,"17",3,"2010",14,9,"0","0"
1820,4,"19",3,"2010",36,28,"1","2"
1852,6,"17",3,"2010",33,11,"2","3"
1655,4,"3",2,"2010",30,26,"2","2"
1864,6,"17",3,"2010",34,26,"0","0"
1950,3,"11",3,"2010",7,14,"0","0"
1726,3,"25",3,"2010",20,13,"0","0"
1599,4,"10",2,"2010",32,34,"2","1"
1583,4,"10",2,"2010",4,30,"8","0"
1744,3,"25",3,"2010",11,14,"2","1"
1933,3,"11",3,"2010",9,19,"0","0"
1997,3,"4",3,"2010",34,7,"1","1"
1574,4,"10",2,"2010",11,36,"1","0"
1567,4,"10",2,"2010",26,7,"0","0"
1910,1,"15",3,"2010",5,20,"2","1"
1977,4,"5",3,"2010",11,10,"2","2"
1876,6,"17",3,"2010",23,24,"2","1"
1561,4,"10",2,"2010",16,19,"4","0"
1737,3,"25",3,"2010",28,34,"1","0"
1811,7,"20",3,"2010",7,10,"3","0"
1916,2,"14",3,"2010",4,32,"1","0"
1885,6,"17",3,"2010",19,32,"1","2"
1969,6,"10",3,"2010",26,24,"1","4"
1607,4,"10",2,"2010",28,33,"0","1"
1556,4,"10",2,"2010",10,13,"1","1"
1893,1,"15",3,"2010",30,36,"0","0"
1803,1,"22",3,"2010",26,28,"0","2"
1550,4,"10",2,"2010",9,23,"2","1"
1703,6,"1",2,"2010",36,9,"3","1"
1925,4,"12",3,"2010",13,34,"5","1"
1905,1,"15",3,"2010",28,11,"2","2"
1615,4,"10",2,"2010",20,14,"4","0"
1591,4,"10",2,"2010",24,5,"4","2"
1985,3,"4",3,"2010",24,13,"1","6"
1752,3,"25",3,"2010",24,7,"0","4"
1993,3,"4",3,"2010",14,30,"2","1"
1623,1,"6",2,"2010",13,5,"0","1"
1828,3,"18",3,"2010",5,4,"2","1"
1719,4,"26",3,"2010",4,19,"7","0"
1960,6,"10",3,"2010",10,23,"1","0"
1631,1,"6",2,"2010",14,19,"0","1"
1795,6,"24",3,"2010",32,36,"2","2"
1639,7,"4",2,"2010",33,20,"2","1"
1711,6,"1",2,"2010",13,28,"3","1"
1695,6,"1",2,"2010",19,11,"0","0"
1663,3,"2",2,"2010",7,4,"0","2"
1761,6,"24",3,"2010",16,5,"3","1"
1671,3,"2",2,"2010",14,10,"3","2"
1943,3,"11",3,"2010",33,16,"0","0"
1770,6,"24",3,"2010",9,33,"1","1"
1679,6,"1",2,"2010",34,24,"2","1"
1687,6,"1",2,"2010",5,32,"1","0"
2007,6,"3",3,"2010",NULL,NULL,"",""
1636,4,"16",2,"2011",20,28,"1","2"
1569,4,"23",2,"2011",16,35,"4","2"
1543,4,"23",2,"2011",10,23,"0","3"
1771,4,"2",2,"2011",13,10,"2","1"
1576,4,"23",2,"2011",14,20,"2","2"
1962,2,"20",3,"2011",22,16,"0","0"
1683,2,"11",2,"2011",13,5,"1","0"
1676,6,"14",2,"2011",33,16,"1","1"
1970,4,"18",3,"2011",20,7,"1","1"
1699,4,"9",2,"2011",16,4,"2","1"
1978,6,"16",3,"2011",10,28,"1","2"
1986,6,"16",3,"2011",18,4,"1","3"
1582,4,"23",2,"2011",11,4,"1","0"
2001,6,"16",3,"2011",35,30,"1","3"
1927,6,"23",3,"2011",35,22,"1","1"
1538,4,"23",2,"2011",9,33,"2","3"
1644,3,"15",2,"2011",4,22,"2","2"
1548,4,"23",2,"2011",5,34,"2","1"
1668,6,"14",2,"2011",35,32,"4","3"
1554,4,"23",2,"2011",19,30,"0","1"
1952,1,"21",3,"2011",4,34,"3","1"
1755,6,"7",2,"2011",32,23,"1","2"
1934,6,"23",3,"2011",28,19,"1","1"
1944,1,"21",3,"2011",5,20,"3","3"
1918,6,"23",3,"2011",7,34,"5","0"
1740,6,"7",2,"2011",22,34,"2","1"
1706,3,"8",2,"2011",5,35,"1","1"
1715,3,"8",2,"2011",9,18,"3","1"
1723,3,"8",2,"2011",19,20,"3","1"
1563,4,"23",2,"2011",22,18,"3","3"
1731,6,"7",2,"2011",10,33,"1","1"
1995,6,"16",3,"2011",11,33,"2","0"
1659,6,"14",2,"2011",23,9,"1","3"
2011,6,"16",3,"2011",NULL,NULL,"",""
1651,6,"14",2,"2011",18,11,"1","0"
1763,6,"7",2,"2011",28,30,"1","1"
1779,3,"1",2,"2011",4,5,"2","1"
1613,4,"16",2,"2011",30,10,"3","2"
1877,3,"24",3,"2011",4,10,"3","0"
1884,6,"23",3,"2011",16,11,"1","0"
1892,6,"23",3,"2011",9,14,"1","1"
1904,6,"23",3,"2011",5,18,"2","2"
1606,2,"18",2,"2011",13,19,"3","0"
1589,4,"23",2,"2011",32,13,"0","2"
1829,6,"30",3,"2011",33,32,"1","0"
1598,4,"23",2,"2011",28,7,"1","0"
1868,4,"25",3,"2011",32,20,"2","1"
1793,3,"1",2,"2011",34,9,"1","1"
1787,3,"1",2,"2011",7,22,"3","0"
1838,6,"30",3,"2011",30,11,"1","1"
1801,3,"1",2,"2011",20,16,"1","0"
1845,1,"28",3,"2011",14,32,"3","0"
1809,6,"30",3,"2011",18,28,"2","1"
1859,2,"27",3,"2011",19,9,"3","0"
1815,6,"30",3,"2011",23,14,"0","3"
1865,7,"26",3,"2011",33,13,"0","1"
1620,4,"16",2,"2011",7,5,"0","2"
1747,6,"7",2,"2011",11,13,"2","1"
1823,6,"30",3,"2011",35,19,"0","0"
1691,7,"10",2,"2011",14,7,"2","5"
1628,4,"16",2,"2011",34,14,"0","2"
1908,6,"23",3,"2011",23,30,"4","2"
1555,7,"8",2,"2012",33,30,"0","1"
2134,3,"1",1,"2012",19,30,"2","2"
2088,3,"5",6,"2012",13,14,"3","0"
2040,3,"18",5,"2012",9,16,"0","5"
2087,3,"5",6,"2012",27,32,"2","0"
2045,3,"11",5,"2012",23,7,"1","0"
2106,3,"22",1,"2012",14,22,"5","2"
1573,3,"6",2,"2012",9,11,"0","0"
2086,3,"5",6,"2012",29,9,"1","2"
2033,1,"22",5,"2012",13,4,"2","1"
2085,3,"5",6,"2012",19,23,"0","1"
2044,3,"11",5,"2012",9,33,"0","2"
1656,4,"30",3,"2012",5,33,"2","0"
2032,1,"22",5,"2012",5,19,"1","1"
2043,4,"12",5,"2012",27,30,"1","1"
2104,3,"22",1,"2012",19,18,"1","2"
2042,7,"13",5,"2012",20,22,"2","1"
2031,6,"24",5,"2012",4,5,"0","0"
2084,3,"5",6,"2012",18,17,"1","2"
2030,3,"25",5,"2012",19,13,"1","1"
2083,3,"5",6,"2012",30,11,"1","1"
2029,3,"25",5,"2012",20,28,"3","0"
2028,3,"25",5,"2012",32,33,"2","1"
2027,3,"25",5,"2012",7,30,"1","2"
2082,4,"6",6,"2012",4,16,"3","3"
2026,3,"25",5,"2012",27,9,"2","1"
2103,3,"22",1,"2012",23,17,"2","0"
2133,3,"1",1,"2012",17,5,"1","1"
2093,1,"2",6,"2012",14,18,"1","1"
2081,7,"7",6,"2012",7,5,"0","0"
2025,3,"25",5,"2012",23,29,"3","1"
2102,3,"22",1,"2012",9,28,"2","3"
2074,3,"12",6,"2012",14,19,"2","1"
2073,3,"12",6,"2012",23,20,"1","2"
2056,3,"4",5,"2012",29,11,"1","1"
2089,3,"5",6,"2012",22,28,"2","1"
2132,4,"2",1,"2012",23,13,"1","0"
2122,1,"5",1,"2012",22,16,"3","0"
2101,4,"23",1,"2012",20,16,"1","2"
2108,3,"22",1,"2012",32,7,"3","1"
1819,4,"16",3,"2012",16,28,"4","0"
1812,7,"17",3,"2012",20,30,"1","2"
2080,6,"11",6,"2012",16,7,"2","1"
1920,4,"9",3,"2012",5,27,"1","2"
2079,3,"12",6,"2012",9,18,"1","5"
1804,6,"21",3,"2012",33,27,"2","0"
1796,6,"21",3,"2012",32,17,"1","1"
2131,7,"3",1,"2012",14,20,"2","1"
2078,3,"12",6,"2012",5,22,"5","0"
1827,6,"14",3,"2012",27,13,"1","6"
2071,4,"13",6,"2012",28,13,"0","1"
2057,3,"4",5,"2012",13,32,"2","0"
2121,1,"12",1,"2012",5,11,"2","0"
2077,3,"12",6,"2012",33,29,"3","2"
1948,3,"8",3,"2012",16,29,"2","0"
2024,3,"25",5,"2012",17,11,"0","2"
1902,7,"10",3,"2012",14,4,"1","1"
1895,7,"10",3,"2012",28,19,"1","1"
2070,3,"26",6,"2012",20,5,"5","2"
2076,3,"12",6,"2012",32,30,"1","2"
1941,3,"8",3,"2012",19,9,"2","1"
1888,2,"11",3,"2012",33,7,"2","3"
1878,1,"12",3,"2012",29,17,"3","0"
1911,4,"9",3,"2012",20,13,"1","0"
2091,1,"2",6,"2012",28,29,"2","2"
2069,3,"26",6,"2012",27,16,"1","2"
2075,3,"12",6,"2012",11,4,"2","0"
1936,4,"9",3,"2012",11,23,"4","0"
2068,3,"26",6,"2012",13,33,"3","0"
1956,6,"7",3,"2012",17,22,"0","2"
2100,2,"1",6,"2012",11,13,"1","0"
2130,7,"3",1,"2012",28,17,"0","2"
2072,3,"12",6,"2012",17,27,"2","3"
2099,2,"1",6,"2012",16,19,"2","0"
2120,3,"15",1,"2012",22,29,"1","0"
1928,4,"9",3,"2012",22,32,"2","0"
2098,2,"1",6,"2012",17,4,"1","1"
2129,7,"3",1,"2012",33,19,"1","2"
2119,3,"15",1,"2012",28,11,"1","1"
2041,2,"14",5,"2012",7,11,"3","0"
2092,1,"2",6,"2012",23,27,"3","0"
2097,2,"1",6,"2012",5,30,"3","1"
2118,3,"15",1,"2012",33,14,"3","1"
1781,6,"21",3,"2012",22,19,"3","0"
1772,6,"21",3,"2012",20,4,"0","0"
2123,1,"5",1,"2012",11,32,"1","2"
1789,6,"21",3,"2012",14,30,"2","1"
1764,6,"21",3,"2012",28,23,"0","0"
2136,3,"1",1,"2012",NULL,NULL,"",""
2096,2,"1",6,"2012",9,7,"0","3"
2067,3,"26",6,"2012",4,32,"3","0"
2066,3,"26",6,"2012",22,9,"2","2"
2065,3,"26",6,"2012",29,14,"0","1"
1866,1,"12",3,"2012",30,16,"1","0"
2064,3,"26",6,"2012",18,23,"4","0"
2054,3,"4",5,"2012",18,4,"1","0"
1980,6,"7",3,"2012",27,11,"2","2"
1858,1,"12",3,"2012",9,20,"0","3"
2063,3,"26",6,"2012",30,28,"0","0"
1849,6,"14",3,"2012",23,9,"0","0"
1842,6,"14",3,"2012",17,33,"3","0"
2053,3,"4",5,"2012",30,17,"0","2"
1972,6,"7",3,"2012",18,33,"3","0"
1834,6,"14",3,"2012",18,29,"1","0"
2052,4,"5",5,"2012",5,16,"1","3"
2062,4,"27",6,"2012",19,17,"2","0"
1870,1,"12",3,"2012",13,18,"4","0"
1964,6,"7",3,"2012",23,5,"0","0"
2051,6,"10",5,"2012",32,29,"2","1"
2055,3,"4",5,"2012",19,27,"1","0"
1991,6,"7",3,"2012",7,28,"1","1"
1733,4,"23",3,"2012",9,13,"0","2"
1757,3,"22",3,"2012",16,11,"4","4"
1725,2,"25",3,"2012",28,32,"1","2"
1741,4,"23",3,"2012",7,18,"0","1"
2061,6,"3",5,"2012",7,20,"1","2"
2021,6,"31",5,"2012",9,32,"2","3"
1688,6,"28",3,"2012",18,28,"0","0"
2060,3,"4",5,"2012",14,9,"5","0"
2050,3,"11",5,"2012",16,18,"2","0"
2020,6,"31",5,"2012",28,4,"2","4"
2059,3,"4",5,"2012",22,23,"1","1"
1680,6,"28",3,"2012",30,22,"4","0"
2049,3,"11",5,"2012",17,13,"1","0"
2022,7,"27",5,"2012",16,14,"1","0"
2019,6,"31",5,"2012",11,18,"2","0"
1672,3,"29",3,"2012",4,29,"6","1"
1664,3,"29",3,"2012",27,7,"0","3"
1696,6,"28",3,"2012",17,9,"4","4"
2048,3,"11",5,"2012",11,5,"1","0"
2058,3,"4",5,"2012",33,28,"1","1"
2117,3,"15",1,"2012",4,23,"1","0"
2109,3,"22",1,"2012",13,5,"3","2"
2116,3,"15",1,"2012",7,19,"0","0"
2018,6,"31",5,"2012",14,27,"2","1"
2017,6,"31",5,"2012",13,23,"3","3"
2115,3,"15",1,"2012",16,32,"3","0"
2016,6,"31",5,"2012",29,20,"2","1"
2015,6,"31",5,"2012",30,19,"2","0"
2014,3,"1",3,"2012",22,7,"2","0"
2135,3,"1",1,"2012",27,14,"1","1"
2023,4,"26",5,"2012",18,22,"1","3"
1632,2,"2",2,"2012",19,11,"1","1"
1624,1,"3",2,"2012",32,5,"1","4"
1720,6,"28",3,"2012",11,14,"4","0"
1712,6,"28",3,"2012",19,20,"1","1"
1616,1,"3",2,"2012",4,22,"0","2"
1704,6,"28",3,"2012",23,32,"2","2"
1749,3,"22",3,"2012",29,5,"1","0"
1610,6,"5",2,"2012",20,27,"3","3"
1602,3,"6",2,"2012",28,5,"1","1"
2013,4,"2",3,"2012",5,17,"3","1"
2124,2,"4",1,"2012",30,23,"1","4"
1641,2,"2",2,"2012",7,14,"0","1"
2012,7,"3",3,"2012",33,16,"0","2"
2047,3,"11",5,"2012",28,14,"1","0"
2114,3,"15",1,"2012",5,9,"1","1"
2113,3,"15",1,"2012",18,27,"1","2"
2128,7,"3",1,"2012",29,27,"1","2"
2112,4,"16",1,"2012",17,20,"3","2"
2127,7,"3",1,"2012",9,4,"1","2"
1513,3,"13",2,"2012",5,14,"2","0"
2111,7,"17",1,"2012",30,13,"0","1"
2095,1,"2",6,"2012",33,22,"0","2"
2125,2,"4",1,"2012",5,18,"1","0"
2038,3,"18",5,"2012",30,18,"1","1"
2090,6,"4",6,"2012",20,33,"7","1"
1560,4,"7",2,"2012",16,17,"2","0"
2037,4,"19",5,"2012",22,27,"1","0"
2126,2,"4",1,"2012",13,7,"3","0"
1549,2,"9",2,"2012",7,4,"4","1"
2036,2,"21",5,"2012",33,23,"2","0"
2105,3,"22",1,"2012",29,30,"3","1"
1544,3,"13",2,"2012",4,33,"2","1"
1566,3,"6",2,"2012",22,13,"0","2"
2110,6,"21",1,"2012",27,4,"0","0"
1594,3,"6",2,"2012",32,18,"2","2"
2094,1,"2",6,"2012",32,20,"0","0"
2035,1,"22",5,"2012",11,20,"0","1"
1586,3,"6",2,"2012",14,23,"2","1"
1579,3,"6",2,"2012",29,19,"1","0"
2005,6,"7",3,"2012",32,14,"0","3"
1649,7,"1",2,"2012",13,16,"1","0"
2107,3,"22",1,"2012",11,33,"1","1"
2046,3,"11",5,"2012",4,19,"1","0"
1534,3,"13",2,"2012",13,29,"3","2"
2034,1,"22",5,"2012",29,7,"3","2"
1996,6,"7",3,"2012",4,30,"2","1"
1530,3,"13",2,"2012",27,28,"2","0"
1526,3,"13",2,"2012",19,32,"2","2"
1522,3,"13",2,"2012",23,16,"0","1"
1517,3,"13",2,"2012",17,7,"1","0"
1539,3,"13",2,"2012",11,22,"3","1"
2039,3,"18",5,"2012",14,17,"0","3"
1509,3,"13",2,"2012",18,20,"2","3"
1505,3,"13",2,"2012",30,9,"3","2"
1593,3,"12",2,"2013",14,7,"1","3"
1835,6,"20",3,"2013",18,22,"1","1"
1791,6,"27",3,"2013",19,27,"1","0"
1536,4,"20",2,"2013",7,29,"1","0"
1564,3,"12",2,"2013",19,5,"1","2"
1862,6,"20",3,"2013",27,31,"2","1"
1971,7,"9",3,"2013",16,13,"1","2"
1657,3,"5",2,"2013",29,20,"0","1"
2000,3,"7",3,"2013",22,14,"1","0"
1600,3,"12",2,"2013",11,10,"2","0"
1520,4,"20",2,"2013",17,14,"0","3"
1734,3,"28",3,"2013",22,7,"0","6"
1648,4,"6",2,"2013",16,4,"0","1"
1609,6,"11",2,"2013",28,4,"1","2"
1697,6,"4",2,"2013",17,13,"0","0"
1665,3,"5",2,"2013",7,11,"0","0"
1524,4,"20",2,"2013",1,19,"1","1"
1987,3,"7",3,"2013",7,10,"0","0"
1689,6,"4",2,"2013",5,1,"1","0"
1673,6,"4",2,"2013",10,22,"0","0"
1979,4,"8",3,"2013",29,30,"1","1"
1502,4,"20",2,"2013",30,28,"2","2"
1681,6,"4",2,"2013",18,30,"2","3"
1822,6,"20",3,"2013",10,30,"2","0"
1939,6,"13",3,"2013",31,7,"0","0"
1558,4,"13",2,"2013",16,17,"2","1"
1578,3,"12",2,"2013",29,22,"1","2"
1769,6,"27",3,"2013",11,14,"1","0"
1618,1,"9",2,"2013",4,5,"2","2"
1785,6,"27",3,"2013",30,5,"2","2"
1778,6,"27",3,"2013",13,10,"2","1"
1923,3,"14",3,"2013",19,16,"0","2"
1899,1,"18",3,"2013",14,4,"0","3"
1510,4,"20",2,"2013",18,16,"5","5"
1931,6,"13",3,"2013",1,10,"1","1"
1955,6,"13",3,"2013",28,14,"1","1"
1907,2,"17",3,"2013",20,11,"0","0"
1891,1,"18",3,"2013",13,30,"1","0"
1532,4,"20",2,"2013",13,27,"2","3"
1640,7,"7",2,"2013",23,19,"1","1"
1516,4,"20",2,"2013",5,23,"1","0"
1883,1,"18",3,"2013",10,16,"2","2"
1915,3,"14",3,"2013",22,23,"0","3"
1552,2,"15",2,"2013",31,13,"0","2"
1585,3,"12",2,"2013",27,18,"4","0"
1857,6,"20",3,"2013",29,19,"0","2"
1506,4,"20",2,"2013",10,31,"4","2"
1874,6,"20",3,"2013",14,20,"0","1"
1705,6,"4",2,"2013",27,28,"1","2"
1814,3,"21",3,"2013",5,13,"3","1"
1528,4,"20",2,"2013",22,20,"0","1"
1625,2,"8",2,"2013",30,17,"2","3"
1850,6,"20",3,"2013",23,11,"1","0"
1570,3,"12",2,"2013",23,1,"1","1"
1713,6,"4",2,"2013",14,31,"2","4"
1807,4,"22",3,"2013",7,4,"2","2"
1546,2,"15",2,"2013",20,30,"4","1"
1758,6,"27",3,"2013",1,18,"0","3"
1721,7,"30",3,"2013",28,23,"6","1"
1633,2,"8",2,"2013",13,18,"1","0"
1843,6,"20",3,"2013",17,1,"0","0"
1728,4,"29",3,"2013",20,16,"1","1"
1541,4,"20",2,"2013",4,11,"2","1"
1743,3,"28",3,"2013",31,29,"0","0"
1751,3,"28",3,"2013",4,17,"2","0"
1994,3,"7",3,"2013",5,11,"2","2"
2010,3,"7",3,"2013",NULL,NULL,"",""
1963,6,"13",3,"2013",20,27,"3","1"
1799,7,"23",3,"2013",16,28,"3","0"
1947,6,"13",3,"2013",11,29,"2","0"
1921,6,"5",3,"2014",22,16,"0","4"
2008,3,"30",5,"2014",NULL,NULL,"",""
2002,3,"30",5,"2014",2,4,"1","0"
1967,3,"30",5,"2014",18,21,"3","3"
1500,3,"11",2,"2014",18,19,"1","2"
1515,3,"11",2,"2014",27,20,"0","2"
1503,3,"11",2,"2014",5,28,"3","0"
1775,6,"19",3,"2014",22,17,"1","2"
1768,6,"19",3,"2014",10,2,"0","1"
1666,6,"26",3,"2014",1,11,"2","0"
1551,2,"7",2,"2014",16,26,"3","1"
1786,1,"17",3,"2014",13,23,"2","2"
1762,6,"19",3,"2014",5,14,"3","1"
1738,3,"20",3,"2014",26,20,"0","3"
1690,6,"26",3,"2014",19,5,"0","1"
1746,6,"19",3,"2014",21,19,"1","1"
1942,6,"5",3,"2014",28,14,"1","2"
1682,6,"26",3,"2014",17,28,"4","1"
1974,3,"30",5,"2014",17,27,"3","0"
1674,6,"26",3,"2014",18,10,"1","0"
1698,6,"26",3,"2014",14,26,"2","2"
1983,3,"30",5,"2014",19,26,"1","0"
1658,3,"27",3,"2014",7,4,"0","2"
1597,6,"3",2,"2014",19,14,"4","1"
1545,1,"8",2,"2014",13,28,"4","0"
1873,7,"8",3,"2014",5,23,"5","1"
1730,3,"20",3,"2014",27,7,"2","3"
1590,6,"3",2,"2014",17,1,"0","1"
1507,3,"11",2,"2014",23,17,"1","3"
1511,3,"11",2,"2014",1,16,"1","1"
1722,3,"20",3,"2014",4,23,"1","2"
1540,1,"8",2,"2014",23,18,"2","0"
1581,6,"3",2,"2014",10,5,"2","0"
1714,4,"21",3,"2014",11,16,"2","0"
1575,3,"4",2,"2014",20,18,"1","0"
1708,7,"22",3,"2014",13,18,"3","1"
1754,6,"19",3,"2014",28,1,"0","0"
1562,4,"5",2,"2014",4,27,"0","0"
1531,3,"11",2,"2014",14,2,"2","2"
1611,6,"3",2,"2014",16,23,"0","1"
1603,6,"3",2,"2014",22,21,"3","0"
1527,3,"11",2,"2014",26,11,"0","2"
1568,3,"4",2,"2014",11,13,"2","3"
1627,7,"29",3,"2014",20,22,"3","0"
1619,6,"3",2,"2014",28,26,"3","1"
1642,3,"27",3,"2014",16,27,"4","0"
1523,3,"11",2,"2014",7,22,"2","1"
1855,6,"12",3,"2014",14,27,"1","0"
1535,3,"11",2,"2014",21,4,"1","2"
1848,6,"12",3,"2014",1,21,"0","1"
1837,6,"12",3,"2014",19,22,"1","0"
1519,3,"11",2,"2014",13,10,"2","0"
1867,6,"12",3,"2014",2,28,"1","0"
1903,6,"5",3,"2014",13,1,"4","1"
1896,3,"6",3,"2014",11,20,"3","0"
1634,4,"28",3,"2014",2,13,"0","2"
1889,3,"6",3,"2014",4,19,"3","0"
1881,4,"7",3,"2014",10,7,"1","2"
1913,6,"5",3,"2014",27,18,"0","1"
1951,7,"1",3,"2014",23,10,"1","2"
1989,3,"30",5,"2014",1,22,"4","0"
1929,6,"5",3,"2014",26,17,"1","0"
1650,3,"27",3,"2014",23,21,"4","0"
1958,4,"31",5,"2014",7,5,"4","0"
1825,6,"12",3,"2014",18,5,"3","3"
1816,3,"13",3,"2014",7,13,"3","2"
1808,4,"14",3,"2014",17,4,"0","1"
1800,2,"16",3,"2014",20,10,"3","1"
1792,1,"17",3,"2014",11,2,"2","3"
1937,6,"5",3,"2014",21,2,"0","3"
1557,7,"6",2,"2014",2,7,"3","3"
1831,6,"12",3,"2014",23,11,"0","1"
1346,4,"10",10,"2015",19,7,"0","1"
955,3,"6",4,"2015",4,3,"0","1"
1976,6,"11",3,"2015",5,28,"0","1"
952,3,"6",4,"2015",20,23,"3","1"
970,3,"29",7,"2015",13,1,"3","1"
1830,6,"25",3,"2015",29,10,"0","0"
939,3,"6",4,"2015",6,27,"2","0"
1258,3,"30",10,"2015",5,11,"0","0"
1241,6,"12",9,"2015",18,1,"0","0"
1529,3,"24",2,"2015",20,18,"4","1"
1953,6,"11",3,"2015",17,11,"1","1"
777,1,"31",4,"2015",23,7,"0","1"
874,3,"20",4,"2015",16,27,"1","2"
805,7,"29",4,"2015",10,1,"2","1"
1352,3,"9",10,"2015",22,1,"2","2"
1518,3,"24",2,"2015",2,17,"1","0"
889,3,"20",4,"2015",6,7,"3","0"
1525,3,"24",2,"2015",28,24,"0","1"
1537,7,"19",2,"2015",18,4,"3","0"
808,7,"29",4,"2015",16,4,"0","0"
1244,6,"12",9,"2015",6,17,"1","0"
885,3,"20",4,"2015",22,28,"1","1"
1504,3,"24",2,"2015",13,1,"2","0"
1246,6,"12",9,"2015",27,3,"3","1"
1521,3,"24",2,"2015",4,23,"3","1"
1364,6,"8",10,"2015",8,23,"4","2"
881,3,"20",4,"2015",4,23,"3","1"
933,4,"7",4,"2015",22,7,"2","0"
1890,6,"18",3,"2015",19,1,"2","1"
1249,6,"12",9,"2015",2,13,"0","1"
877,3,"20",4,"2015",11,8,"2","3"
1252,6,"12",9,"2015",20,19,"2","0"
1930,4,"13",3,"2015",16,13,"4","2"
870,3,"20",4,"2015",1,5,"0","2"
1508,3,"24",2,"2015",8,29,"5","1"
1307,6,"22",10,"2015",8,5,"1","1"
1798,3,"26",3,"2015",11,16,"3","0"
1718,6,"2",2,"2015",10,24,"1","0"
893,7,"15",4,"2015",8,4,"2","1"
866,3,"20",4,"2015",19,2,"1","2"
1145,3,"4",8,"2015",11,7,"1","1"
1559,6,"16",2,"2015",1,28,"6","1"
1325,6,"15",10,"2015",1,11,"0","3"
1367,6,"8",10,"2015",11,6,"2","2"
1217,6,"19",9,"2015",22,6,"1","2"
1131,6,"17",8,"2015",2,10,"1","3"
1223,6,"19",9,"2015",28,18,"0","1"
1710,3,"3",2,"2015",4,2,"1","0"
1553,3,"17",2,"2015",17,13,"2","4"
1898,6,"18",3,"2015",8,17,"2","0"
1273,6,"29",10,"2015",7,10,"0","3"
1220,6,"19",9,"2015",3,23,"2","0"
1148,6,"3",8,"2015",2,18,"2","0"
1349,3,"9",10,"2015",4,17,"2","2"
1276,6,"29",10,"2015",4,2,"1","2"
1261,3,"30",10,"2015",1,27,"3","0"
1637,6,"9",2,"2015",11,23,"0","2"
1279,6,"29",10,"2015",3,8,"1","1"
1264,6,"29",10,"2015",22,20,"0","1"
1281,6,"29",10,"2015",28,23,"2","2"
1267,6,"29",10,"2015",19,18,"0","1"
1270,6,"29",10,"2015",13,6,"2","0"
1938,3,"12",3,"2015",24,20,"0","1"
1984,6,"11",3,"2015",23,2,"1","4"
1038,3,"8",7,"2015",8,6,"2","1"
913,3,"13",4,"2015",13,17,"2","1"
930,7,"8",4,"2015",11,2,"1","1"
1293,3,"23",10,"2015",18,4,"2","3"
909,3,"13",4,"2015",23,6,"0","1"
1151,6,"3",8,"2015",23,10,"2","2"
928,6,"12",4,"2015",27,11,"1","1"
858,4,"21",4,"2015",17,10,"0","0"
1547,3,"17",2,"2015",7,2,"1","3"
1304,6,"22",10,"2015",27,19,"1","1"
1134,6,"17",8,"2015",4,28,"2","0"
905,3,"13",4,"2015",10,19,"0","0"
1694,4,"4",2,"2015",5,13,"0","1"
1629,3,"10",2,"2015",13,29,"6","0"
924,3,"13",4,"2015",28,20,"0","2"
1296,6,"22",10,"2015",16,22,"0","0"
815,3,"27",4,"2015",5,27,"3","0"
901,4,"14",4,"2015",7,18,"2","2"
1686,7,"5",2,"2015",26,20,"1","3"
1621,3,"10",2,"2015",2,16,"1","2"
921,3,"13",4,"2015",3,16,"2","1"
1169,4,"28",9,"2015",6,2,"0","1"
1678,6,"9",2,"2015",28,10,"1","0"
1614,4,"11",2,"2015",4,7,"1","1"
1702,3,"3",2,"2015",16,18,"0","1"
1299,6,"22",10,"2015",10,3,"3","4"
1669,6,"9",2,"2015",26,24,"0","1"
917,3,"13",4,"2015",2,1,"1","0"
897,4,"14",4,"2015",5,22,"1","2"
1660,6,"9",2,"2015",8,1,"2","0"
1605,7,"12",2,"2015",20,17,"0","1"
1301,6,"22",10,"2015",23,17,"1","1"
1021,4,"9",7,"2015",7,2,"1","2"
1643,6,"9",2,"2015",19,5,"3","0"
1284,7,"25",10,"2015",20,7,"0","0"
1906,6,"18",3,"2015",11,24,"1","0"
1542,4,"18",2,"2015",16,20,"1","1"
1073,3,"1",7,"2015",11,23,"6","2"
1157,6,"3",8,"2015",13,22,"6","1"
1084,3,"25",8,"2015",23,22,"3","0"
1110,4,"19",8,"2015",22,27,"6","2"
1107,7,"20",8,"2015",17,19,"0","1"
1076,6,"31",8,"2015",4,7,"1","3"
1851,6,"25",3,"2015",2,26,"0","2"
1499,3,"24",2,"2015",19,7,"6","1"
1078,4,"26",8,"2015",7,1,"1","1"
1806,6,"25",3,"2015",1,5,"2","2"
1081,3,"25",8,"2015",20,11,"2","1"
1160,6,"3",8,"2015",3,6,"1","1"
1813,6,"25",3,"2015",18,7,"0","0"
1098,6,"24",8,"2015",27,18,"0","1"
1839,6,"25",3,"2015",22,17,"2","3"
797,7,"29",4,"2015",11,19,"3","4"
1863,4,"20",3,"2015",22,5,"1","3"
1096,6,"24",8,"2015",19,6,"0","2"
1856,6,"25",3,"2015",24,8,"0","1"
1580,6,"16",2,"2015",23,8,"0","0"
1067,3,"1",7,"2015",13,27,"2","1"
1093,6,"24",8,"2015",10,4,"2","1"
1945,3,"12",3,"2015",29,4,"0","1"
1064,3,"1",7,"2015",22,19,"0","0"
785,7,"29",4,"2015",18,22,"1","0"
1090,3,"25",8,"2015",3,5,"1","5"
1988,6,"11",3,"2015",1,26,"2","0"
1821,6,"25",3,"2015",19,23,"1","1"
1355,3,"9",10,"2015",20,10,"0","2"
1290,4,"24",10,"2015",11,13,"0","2"
1061,3,"1",7,"2015",17,20,"0","3"
1172,3,"27",9,"2015",22,4,"2","2"
1287,4,"24",10,"2015",6,1,"0","0"
1343,7,"11",10,"2015",18,13,"0","3"
1358,6,"8",10,"2015",16,5,"1","0"
1190,6,"26",9,"2015",7,28,"3","2"
1104,6,"24",8,"2015",28,17,"1","2"
1322,6,"15",10,"2015",28,16,"0","1"
1340,6,"15",10,"2015",23,27,"1","3"
1087,3,"25",8,"2015",16,13,"0","0"
789,7,"29",4,"2015",6,5,"1","2"
1512,3,"24",2,"2015",26,16,"0","0"
1565,6,"16",2,"2015",10,11,"1","2"
1058,3,"1",7,"2015",6,10,"2","0"
1914,6,"18",3,"2015",2,18,"0","2"
826,3,"27",4,"2015",7,8,"1","0"
854,7,"22",4,"2015",20,13,"2","1"
1101,6,"24",8,"2015",8,2,"1","0"
830,3,"27",4,"2015",4,6,"2","2"
1310,6,"22",10,"2015",2,28,"2","1"
1069,3,"1",7,"2015",2,16,"0","0"
1181,6,"26",9,"2015",19,3,"2","1"
1328,6,"15",10,"2015",10,8,"1","2"
991,7,"24",7,"2015",2,23,"0","1"
1959,6,"11",3,"2015",10,19,"1","1"
1369,6,"8",10,"2015",3,28,"0","1"
1337,6,"15",10,"2015",17,22,"2","0"
1055,3,"1",7,"2015",18,8,"2","3"
1113,3,"18",8,"2015",6,20,"0","3"
1049,7,"3",7,"2015",5,28,"3","1"
823,3,"27",4,"2015",13,23,"4","1"
846,3,"27",4,"2015",1,20,"4","0"
1175,6,"26",9,"2015",5,13,"4","1"
1119,6,"17",8,"2015",18,23,"1","0"
1047,6,"7",7,"2015",3,22,"0","1"
1572,6,"16",2,"2015",5,26,"2","0"
1208,6,"19",9,"2015",4,20,"2","0"
1588,6,"16",2,"2015",29,22,"2","1"
1116,6,"17",8,"2015",5,7,"0","0"
812,7,"29",4,"2015",20,3,"2","0"
1044,3,"8",7,"2015",28,13,"0","0"
1776,2,"29",3,"2015",26,7,"1","0"
1999,2,"8",3,"2015",28,29,"3","3"
801,7,"29",4,"2015",2,17,"0","0"
1163,6,"3",8,"2015",28,19,"0","1"
1041,3,"8",7,"2015",19,4,"1","0"
1782,4,"27",3,"2015",20,4,"0","0"
1767,1,"30",3,"2015",8,4,"1","3"
936,3,"6",4,"2015",18,5,"1","1"
1313,7,"18",10,"2015",7,3,"1","0"
1166,7,"29",9,"2015",18,11,"2","3"
1652,6,"9",2,"2015",22,18,"1","1"
2009,7,"7",3,"2015",NULL,NULL,"",""
1052,4,"2",7,"2015",1,3,"2","0"
1187,6,"26",9,"2015",16,23,"3","0"
1331,6,"15",10,"2015",6,18,"0","0"
1137,4,"5",8,"2015",17,5,"2","2"
1178,6,"26",9,"2015",10,27,"2","2"
1139,4,"5",8,"2015",20,16,"3","0"
1316,4,"17",10,"2015",13,4,"3","0"
862,3,"20",4,"2015",18,3,"1","2"
1032,3,"8",7,"2015",27,17,"1","0"
1154,6,"3",8,"2015",27,8,"1","2"
1211,6,"19",9,"2015",17,11,"0","0"
842,3,"27",4,"2015",22,11,"0","1"
1015,3,"22",7,"2015",13,7,"1","4"
1029,3,"8",7,"2015",23,1,"0","1"
988,3,"29",7,"2015",10,18,"1","1"
1012,3,"22",7,"2015",4,27,"1","0"
1027,3,"8",7,"2015",10,11,"1","1"
1184,6,"26",9,"2015",1,17,"3","1"
1009,3,"22",7,"2015",11,28,"4","0"
1024,4,"9",7,"2015",20,5,"1","1"
994,4,"23",7,"2015",5,10,"4","1"
1006,3,"22",7,"2015",22,8,"0","3"
1000,3,"22",7,"2015",17,3,"2","2"
1035,3,"8",7,"2015",16,18,"2","0"
1213,6,"19",9,"2015",19,8,"2","2"
1003,3,"22",7,"2015",1,19,"0","1"
1018,6,"21",7,"2015",6,16,"1","2"
1334,6,"15",10,"2015",5,19,"2","2"
997,3,"22",7,"2015",18,20,"2","1"
1205,3,"20",9,"2015",5,2,"1","0"
838,3,"27",4,"2015",28,10,"1","1"
1753,6,"2",2,"2015",28,11,"3","2"
973,3,"29",7,"2015",2,22,"5","1"
1232,3,"13",9,"2015",16,7,"3","1"
1196,4,"21",9,"2015",1,16,"2","3"
1199,4,"21",9,"2015",7,27,"1","1"
976,3,"29",7,"2015",3,11,"3","3"
819,3,"27",4,"2015",17,18,"1","0"
985,3,"29",7,"2015",5,4,"0","0"
1790,3,"26",3,"2015",13,28,"3","2"
1235,3,"13",9,"2015",23,5,"0","1"
1202,3,"20",9,"2015",13,10,"1","2"
1922,7,"14",3,"2015",7,22,"2","0"
1122,6,"17",8,"2015",1,8,"2","2"
1229,4,"14",9,"2015",8,28,"3","2"
967,3,"29",7,"2015",23,19,"2","0"
1596,6,"16",2,"2015",24,19,"0","0"
1193,6,"26",9,"2015",8,20,"2","5"
793,7,"29",4,"2015",27,28,"2","0"
979,3,"29",7,"2015",28,6,"2","3"
781,2,"30",4,"2015",8,13,"0","0"
1125,6,"17",8,"2015",13,3,"5","1"
1745,6,"2",2,"2015",7,29,"2","1"
1319,3,"16",10,"2015",2,20,"1","2"
964,4,"30",7,"2015",7,17,"1","0"
1875,3,"19",3,"2015",4,16,"1","0"
1729,6,"2",2,"2015",17,19,"2","0"
1966,6,"11",3,"2015",18,8,"2","3"
1882,3,"19",3,"2015",13,10,"2","0"
1501,3,"24",2,"2015",22,10,"2","0"
1514,3,"24",2,"2015",11,5,"0","1"
982,3,"29",7,"2015",8,16,"1","1"
961,4,"30",7,"2015",27,20,"1","1"
850,6,"26",4,"2015",19,16,"2","0"
949,3,"6",4,"2015",16,10,"0","0"
834,3,"27",4,"2015",3,2,"0","0"
1238,6,"12",9,"2015",11,4,"3","1"
1533,1,"21",2,"2015",20,23,"0","0"
1142,3,"4",8,"2015",4,1,"1","3"
1760,6,"2",2,"2015",8,22,"3","0"
1736,6,"2",2,"2015",23,1,"2","1"
1128,6,"17",8,"2015",11,16,"0","3"
1226,7,"15",9,"2015",10,22,"2","0"
1359,6,"8",10,"2015",27,2,"1","3"
958,6,"5",4,"2015",19,13,"2","0"
945,3,"6",4,"2015",1,28,"1","1"
1255,4,"31",10,"2015",17,16,"2","1"
942,3,"6",4,"2015",17,8,"0","3"
1260,6,"17",9,"2016",4,7,"1","2"
53,3,"15",2,"2016",4,8,"1","1"
57,3,"15",2,"2016",20,28,"4","0"
29,3,"15",2,"2016",6,23,"2","2"
20,2,"18",2,"2016",16,3,"3","1"
61,1,"12",2,"2016",23,11,"3","0"
23,3,"15",2,"2016",18,7,"1","1"
49,3,"15",2,"2016",11,27,"3","0"
33,3,"15",2,"2016",17,13,"1","1"
37,3,"15",2,"2016",19,10,"2","1"
41,3,"15",2,"2016",1,2,"4","1"
65,1,"12",2,"2016",27,6,"4","2"
45,3,"15",2,"2016",22,5,"5","1"
69,1,"12",2,"2016",7,4,"1","1"
73,2,"11",2,"2016",10,16,"3","2"
100,6,"7",2,"2016",23,4,"3","2"
119,4,"2",2,"2016",1,13,"4","2"
123,3,"1",2,"2016",20,27,"1","0"
104,6,"7",2,"2016",2,19,"2","1"
76,4,"9",2,"2016",13,20,"2","2"
108,6,"7",2,"2016",3,18,"1","1"
127,3,"1",2,"2016",17,7,"3","1"
113,6,"7",2,"2016",28,22,"0","0"
131,3,"1",2,"2016",16,8,"1","1"
80,4,"9",2,"2016",7,6,"2","0"
117,7,"3",2,"2016",4,5,"2","2"
84,3,"8",2,"2016",8,11,"3","1"
87,3,"8",2,"2016",5,1,"1","2"
95,6,"7",2,"2016",10,17,"1","4"
93,6,"7",2,"2016",27,16,"0","1"
166,3,"24",3,"2016",23,20,"0","0"
135,6,"30",3,"2016",18,10,"0","3"
143,6,"30",3,"2016",19,23,"1","1"
162,4,"25",3,"2016",8,17,"4","0"
139,6,"30",3,"2016",6,28,"3","2"
147,6,"30",3,"2016",22,2,"1","0"
151,6,"30",3,"2016",11,3,"2","1"
155,7,"26",3,"2016",5,18,"1","1"
170,6,"23",3,"2016",7,22,"2","2"
174,6,"23",3,"2016",3,4,"1","4"
186,5,"22",3,"2016",20,18,"2","0"
178,6,"23",3,"2016",28,1,"2","4"
183,6,"23",3,"2016",13,19,"4","0"
210,4,"18",3,"2016",20,2,"1","1"
190,1,"21",3,"2016",10,6,"3","1"
194,1,"21",3,"2016",16,2,"2","0"
198,1,"21",3,"2016",7,11,"4","0"
202,2,"20",3,"2016",22,13,"1","1"
206,7,"19",3,"2016",19,5,"0","4"
709,1,"14",1,"2016",13,11,"0","0"
237,6,"16",3,"2016",16,28,"1","0"
241,6,"16",3,"2016",11,1,"1","1"
1051,3,"20",7,"2016",2,13,"1","2"
214,3,"17",3,"2016",4,13,"0","3"
233,6,"16",3,"2016",22,17,"3","0"
217,3,"17",3,"2016",8,10,"2","2"
220,3,"17",3,"2016",3,7,"1","2"
224,6,"16",3,"2016",27,23,"0","3"
229,6,"16",3,"2016",18,6,"0","1"
245,1,"14",3,"2016",2,11,"0","0"
257,3,"10",3,"2016",13,18,"2","1"
249,4,"11",3,"2016",5,16,"3","0"
254,4,"11",3,"2016",7,19,"4","1"
302,6,"2",3,"2016",28,4,"0","4"
282,6,"9",3,"2016",2,27,"1","0"
286,6,"9",3,"2016",28,3,"1","2"
290,4,"4",3,"2016",16,11,"1","0"
294,3,"3",3,"2016",7,5,"1","1"
298,3,"3",3,"2016",8,1,"1","0"
352,3,"20",5,"2016",4,10,"2","2"
307,6,"2",3,"2016",10,2,"2","2"
311,6,"2",3,"2016",23,18,"0","0"
314,6,"2",3,"2016",19,17,"2","2"
277,6,"9",3,"2016",1,22,"3","1"
261,3,"10",3,"2016",23,8,"0","2"
266,6,"9",3,"2016",10,20,"3","3"
270,6,"9",3,"2016",6,11,"1","1"
273,6,"9",3,"2016",17,4,"1","0"
420,3,"6",5,"2016",2,7,"1","2"
443,1,"3",5,"2016",7,13,"3","0"
318,6,"2",3,"2016",27,22,"3","2"
326,6,"2",3,"2016",20,6,"4","0"
322,6,"2",3,"2016",3,13,"0","4"
348,3,"20",5,"2016",2,8,"0","1"
376,3,"13",5,"2016",19,1,"1","2"
331,4,"21",5,"2016",5,3,"3","0"
380,3,"13",5,"2016",3,17,"3","2"
335,4,"21",5,"2016",13,16,"0","1"
385,6,"12",5,"2016",27,13,"0","0"
338,3,"20",5,"2016",22,23,"1","1"
341,3,"20",5,"2016",18,27,"0","1"
389,4,"7",5,"2016",18,16,"1","0"
345,3,"20",5,"2016",6,19,"1","2"
486,3,"28",6,"2016",5,17,"2","1"
373,4,"14",5,"2016",28,5,"0","2"
356,3,"20",5,"2016",17,28,"1","0"
360,3,"20",5,"2016",1,7,"3","2"
364,6,"19",5,"2016",11,20,"0","2"
368,7,"15",5,"2016",8,22,"1","0"
393,3,"6",5,"2016",17,27,"1","0"
396,3,"6",5,"2016",1,23,"1","1"
400,3,"6",5,"2016",22,3,"1","3"
404,3,"6",5,"2016",13,28,"4","0"
439,1,"3",5,"2016",16,6,"1","0"
466,3,"28",6,"2016",6,3,"0","0"
423,6,"5",5,"2016",5,20,"2","2"
470,3,"28",6,"2016",19,28,"2","1"
427,1,"3",5,"2016",10,5,"1","0"
474,3,"28",6,"2016",1,4,"1","2"
431,1,"3",5,"2016",19,22,"1","0"
435,1,"3",5,"2016",20,17,"1","2"
462,2,"2",5,"2016",28,11,"1","3"
446,2,"2",5,"2016",23,2,"2","2"
450,2,"2",5,"2016",27,4,"1","2"
478,3,"28",6,"2016",8,27,"1","0"
454,2,"2",5,"2016",8,18,"2","2"
458,2,"2",5,"2016",3,1,"2","0"
408,3,"6",5,"2016",11,10,"2","3"
416,3,"6",5,"2016",6,8,"0","1"
412,3,"6",5,"2016",4,19,"1","1"
482,3,"28",6,"2016",18,2,"3","2"
529,3,"14",6,"2016",28,7,"0","6"
511,3,"14",6,"2016",2,6,"1","2"
515,3,"14",6,"2016",3,19,"1","3"
519,3,"14",6,"2016",4,22,"5","1"
525,3,"14",6,"2016",20,8,"2","1"
1237,6,"24",9,"2016",7,26,"5","1"
490,3,"28",6,"2016",16,20,"3","2"
507,3,"14",6,"2016",11,18,"0","1"
553,3,"7",6,"2016",22,18,"1","0"
493,6,"27",6,"2016",10,23,"1","0"
533,6,"13",6,"2016",23,16,"2","1"
557,3,"7",6,"2016",7,23,"2","2"
495,4,"15",6,"2016",13,5,"1","2"
538,4,"8",6,"2016",4,16,"1","1"
499,3,"14",6,"2016",17,1,"0","1"
541,3,"7",6,"2016",5,6,"1","0"
503,3,"14",6,"2016",27,10,"2","2"
545,3,"7",6,"2016",17,2,"1","1"
548,3,"7",6,"2016",19,11,"0","3"
1339,3,"21",10,"2016",8,20,"0","0"
561,3,"7",6,"2016",28,27,"2","0"
598,2,"3",6,"2016",8,7,"2","0"
572,6,"6",6,"2016",13,8,"1","3"
620,3,"24",1,"2016",18,28,"0","0"
565,3,"7",6,"2016",1,10,"1","0"
601,2,"3",6,"2016",20,1,"0","0"
576,1,"4",6,"2016",6,4,"0","0"
568,3,"7",6,"2016",3,20,"0","2"
604,2,"3",6,"2016",18,17,"1","1"
580,1,"4",6,"2016",11,22,"3","0"
585,2,"3",6,"2016",10,28,"2","0"
609,2,"3",6,"2016",16,19,"3","0"
590,2,"3",6,"2016",23,13,"0","1"
613,2,"3",6,"2016",2,3,"1","2"
593,2,"3",6,"2016",27,5,"0","3"
616,4,"25",1,"2016",20,4,"0","1"
624,3,"24",1,"2016",6,22,"2","1"
628,3,"24",1,"2016",23,3,"1","1"
632,3,"24",1,"2016",16,1,"0","1"
636,3,"24",1,"2016",8,19,"3","0"
737,4,"4",1,"2016",11,5,"1","1"
664,3,"17",1,"2016",1,18,"3","0"
689,3,"17",1,"2016",7,16,"0","1"
669,3,"17",1,"2016",22,10,"2","1"
647,3,"24",1,"2016",11,17,"1","2"
692,6,"16",1,"2016",5,23,"4","1"
651,6,"23",1,"2016",27,7,"4","5"
673,3,"17",1,"2016",13,2,"4","0"
696,1,"14",1,"2016",17,23,"2","4"
656,7,"19",1,"2016",17,6,"1","0"
677,3,"17",1,"2016",4,11,"3","3"
700,1,"14",1,"2016",19,27,"3","1"
660,4,"18",1,"2016",19,20,"0","0"
681,3,"17",1,"2016",3,27,"3","0"
705,1,"14",1,"2016",1,6,"2","0"
685,3,"17",1,"2016",28,8,"1","1"
639,3,"24",1,"2016",2,5,"1","3"
643,3,"24",1,"2016",10,13,"2","2"
713,1,"14",1,"2016",4,18,"2","2"
733,2,"13",1,"2016",28,2,"1","0"
717,1,"14",1,"2016",5,8,"0","1"
721,1,"14",1,"2016",7,20,"3","3"
725,2,"13",1,"2016",22,16,"3","3"
729,2,"13",1,"2016",3,10,"1","3"
763,3,"3",1,"2016",20,22,"1","0"
766,3,"3",1,"2016",6,13,"1","2"
769,3,"3",1,"2016",2,4,"0","3"
773,6,"2",1,"2016",10,7,"2","0"
758,3,"3",1,"2016",8,3,"0","0"
741,3,"3",1,"2016",18,19,"2","1"
745,3,"3",1,"2016",23,28,"3","1"
749,3,"3",1,"2016",27,1,"1","0"
755,3,"3",1,"2016",16,17,"2","1"
918,1,"15",4,"2016",18,17,"3","1"
847,7,"27",4,"2016",4,3,"3","0"
827,1,"29",4,"2016",1,5,"1","4"
832,2,"28",4,"2016",7,19,"4","1"
836,7,"27",4,"2016",17,10,"1","4"
839,7,"27",4,"2016",16,23,"3","1"
843,7,"27",4,"2016",8,11,"0","2"
824,6,"31",4,"2016",26,11,"2","2"
851,7,"27",4,"2016",24,25,"1","0"
856,7,"27",4,"2016",20,18,"1","0"
860,7,"27",4,"2016",26,13,"0","3"
1004,4,"28",7,"2016",16,10,"1","1"
914,1,"15",4,"2016",25,7,"0","3"
896,3,"18",4,"2016",18,16,"0","2"
900,3,"18",4,"2016",3,1,"1","3"
903,6,"17",4,"2016",2,4,"0","1"
907,1,"15",4,"2016",10,24,"1","0"
910,1,"15",4,"2016",23,4,"0","1"
864,4,"26",4,"2016",6,2,"1","1"
872,4,"19",4,"2016",5,24,"2","1"
868,7,"20",4,"2016",11,7,"0","1"
876,4,"19",4,"2016",13,20,"2","1"
892,3,"18",4,"2016",25,17,"3","0"
880,3,"18",4,"2016",10,26,"1","0"
883,3,"18",4,"2016",23,6,"1","0"
887,3,"18",4,"2016",19,8,"2","2"
935,2,"14",4,"2016",11,20,"2","1"
938,2,"14",4,"2016",3,8,"1","0"
922,1,"15",4,"2016",5,26,"3","0"
926,1,"15",4,"2016",19,1,"0","0"
929,1,"15",4,"2016",13,6,"2","0"
932,1,"15",4,"2016",2,16,"1","2"
987,3,"4",4,"2016",19,24,"2","0"
971,7,"6",4,"2016",25,26,"1","0"
975,4,"5",4,"2016",11,16,"1","1"
978,3,"4",4,"2016",18,6,"3","1"
981,3,"4",4,"2016",5,17,"5","0"
984,3,"4",4,"2016",23,8,"2","1"
968,6,"10",4,"2016",6,11,"3","2"
956,3,"11",4,"2016",8,13,"4","2"
990,3,"4",4,"2016",2,1,"3","0"
959,3,"11",4,"2016",4,18,"1","0"
992,3,"4",4,"2016",10,20,"1","5"
963,3,"11",4,"2016",1,25,"1","0"
966,3,"11",4,"2016",16,5,"1","0"
941,4,"12",4,"2016",7,10,"2","2"
953,3,"11",4,"2016",20,19,"3","1"
944,3,"11",4,"2016",17,23,"3","0"
947,3,"11",4,"2016",26,2,"3","3"
995,3,"4",4,"2016",3,7,"4","3"
950,3,"11",4,"2016",24,3,"3","2"
1037,3,"20",7,"2016",6,8,"2","1"
1022,3,"27",7,"2016",6,19,"0","1"
1025,3,"27",7,"2016",20,3,"3","1"
1028,6,"26",7,"2016",24,13,"1","2"
1031,7,"22",7,"2016",18,24,"4","0"
1034,4,"21",7,"2016",25,4,"0","1"
1040,3,"20",7,"2016",23,26,"3","0"
1043,3,"20",7,"2016",19,3,"0","1"
1046,3,"20",7,"2016",1,7,"0","0"
1048,3,"20",7,"2016",11,17,"1","1"
998,6,"3",4,"2016",13,4,"1","3"
1019,3,"27",7,"2016",4,5,"2","1"
1001,4,"28",7,"2016",1,11,"1","0"
1054,3,"20",7,"2016",5,10,"3","2"
1007,3,"27",7,"2016",17,2,"5","4"
1010,3,"27",7,"2016",7,23,"2","0"
1013,3,"27",7,"2016",8,25,"2","2"
1016,3,"27",7,"2016",26,18,"1","1"
1085,3,"6",7,"2016",7,6,"6","1"
1072,3,"6",7,"2016",24,2,"3","2"
1075,3,"6",7,"2016",3,23,"1","2"
1079,3,"6",7,"2016",4,11,"5","0"
1082,3,"6",7,"2016",20,5,"1","1"
1170,6,"15",8,"2016",19,23,"2","0"
1103,6,"29",8,"2016",23,20,"1","4"
1088,3,"6",7,"2016",26,1,"2","1"
1106,6,"29",8,"2016",18,13,"0","4"
1091,7,"1",7,"2016",19,17,"3","1"
1094,4,"31",8,"2016",1,4,"0","2"
1097,3,"30",8,"2016",2,7,"2","4"
1100,3,"30",8,"2016",11,10,"2","0"
1057,6,"19",7,"2016",16,20,"1","1"
1070,3,"6",7,"2016",13,25,"1","1"
1060,4,"7",7,"2016",17,16,"1","3"
1063,4,"7",7,"2016",8,18,"1","2"
1109,6,"29",8,"2016",6,26,"1","0"
1066,3,"6",7,"2016",10,19,"1","1"
1112,6,"29",8,"2016",5,8,"1","1"
1121,4,"24",8,"2016",4,16,"4","0"
1155,4,"17",8,"2016",1,24,"3","1"
1115,6,"29",8,"2016",25,3,"2","0"
1140,6,"22",8,"2016",8,2,"3","1"
1143,6,"22",8,"2016",26,19,"0","2"
1118,6,"29",8,"2016",16,24,"0","0"
1146,6,"22",8,"2016",24,11,"2","1"
1149,6,"22",8,"2016",20,25,"0","0"
1152,7,"18",8,"2016",7,16,"0","0"
1136,6,"22",8,"2016",17,6,"0","0"
1124,3,"23",8,"2016",7,18,"2","1"
1158,3,"16",8,"2016",2,10,"0","1"
1127,3,"23",8,"2016",13,1,"1","1"
1161,3,"16",8,"2016",25,6,"0","1"
1130,6,"22",8,"2016",3,5,"0","0"
1164,6,"15",8,"2016",4,8,"3","0"
1133,6,"22",8,"2016",10,23,"1","0"
1168,6,"15",8,"2016",18,5,"1","1"
1210,6,"1",8,"2016",26,4,"0","2"
1174,6,"15",8,"2016",13,11,"1","1"
1225,6,"24",9,"2016",17,13,"1","3"
1189,3,"2",8,"2016",5,13,"2","0"
1192,3,"2",8,"2016",8,1,"0","0"
1176,6,"15",8,"2016",3,26,"6","1"
1228,6,"24",9,"2016",23,2,"2","3"
1194,6,"1",8,"2016",11,2,"1","1"
1179,6,"15",8,"2016",20,17,"3","2"
1231,6,"24",9,"2016",19,18,"1","1"
1183,4,"3",8,"2016",24,20,"0","1"
1198,6,"1",8,"2016",17,7,"1","2"
1234,6,"24",9,"2016",25,5,"1","2"
1201,6,"1",8,"2016",10,25,"1","1"
1185,3,"2",8,"2016",16,19,"1","1"
1204,6,"1",8,"2016",6,3,"2","2"
1207,6,"1",8,"2016",23,18,"1","1"
1274,7,"13",9,"2016",23,11,"0","3"
1240,6,"24",9,"2016",3,11,"1","0"
1243,4,"19",9,"2016",5,23,"1","0"
1247,3,"18",9,"2016",11,25,"3","1"
1292,6,"10",9,"2016",25,2,"1","2"
1214,7,"27",9,"2016",24,6,"2","0"
1222,6,"24",9,"2016",16,8,"4","1"
1216,4,"26",9,"2016",10,1,"0","3"
1219,3,"25",9,"2016",20,4,"3","0"
1271,6,"17",9,"2016",26,20,"1","4"
1263,6,"17",9,"2016",18,10,"4","2"
1277,4,"12",9,"2016",17,4,"2","2"
1266,6,"17",9,"2016",13,3,"4","0"
1268,6,"17",9,"2016",8,24,"3","0"
1250,3,"18",9,"2016",6,16,"3","1"
1256,3,"18",9,"2016",2,19,"4","1"
1253,3,"18",9,"2016",1,17,"1","0"
1280,3,"11",9,"2016",7,8,"4","1"
1283,6,"10",9,"2016",16,13,"1","2"
1289,6,"10",9,"2016",19,5,"0","4"
1286,6,"10",9,"2016",10,6,"2","4"
1327,6,"27",10,"2016",11,19,"1","0"
1329,6,"27",10,"2016",2,3,"1","1"
1332,6,"27",10,"2016",4,24,"3","0"
1335,4,"22",10,"2016",10,3,"1","0"
1360,6,"20",10,"2016",17,26,"0","2"
1324,6,"27",10,"2016",8,17,"2","1"
1309,3,"28",10,"2016",26,16,"0","1"
1312,3,"28",10,"2016",18,25,"0","0"
1315,6,"27",10,"2016",5,7,"1","1"
1318,6,"27",10,"2016",6,20,"1","3"
1321,6,"27",10,"2016",1,23,"1","1"
1306,4,"29",10,"2016",13,10,"3","1"
1295,6,"10",9,"2016",24,26,"1","1"
1298,6,"10",9,"2016",3,18,"1","0"
1302,6,"10",9,"2016",20,1,"2","1"
1380,6,"13",10,"2016",24,17,"0","1"
1342,3,"21",10,"2016",23,25,"1","2"
1357,6,"20",10,"2016",5,2,"1","0"
1345,6,"20",10,"2016",16,1,"2","0"
1348,6,"20",10,"2016",19,13,"1","4"
1351,6,"20",10,"2016",18,11,"1","2"
1354,6,"20",10,"2016",6,4,"1","2"
1372,3,"14",10,"2016",13,23,"2","1"
1374,3,"14",10,"2016",3,16,"1","3"
1362,6,"20",10,"2016",24,7,"2","0"
1375,6,"13",10,"2016",26,8,"2","1"
1366,7,"16",10,"2016",4,10,"2","1"
1376,6,"13",10,"2016",1,6,"1","1"
1370,4,"15",10,"2016",20,7,"3","4"
1377,6,"13",10,"2016",25,19,"1","1"
1378,6,"13",10,"2016",11,5,"1","1"
1379,6,"13",10,"2016",2,18,"0","1"
986,3,"26",7,"2017",5,18,"1","1"
78,3,"14",2,"2017",19,20,"1","4"
72,4,"15",2,"2017",5,16,"2","1"
68,7,"16",2,"2017",4,6,"4","3"
64,2,"17",2,"2017",13,18,"3","1"
1209,6,"23",9,"2017",17,6,"1","2"
1173,3,"1",8,"2017",20,15,"2","0"
969,1,"30",7,"2017",11,10,"4","0"
1188,6,"30",9,"2017",19,1,"2","1"
1086,3,"29",8,"2017",15,1,"1","1"
1177,3,"1",8,"2017",11,24,"0","1"
948,3,"3",4,"2017",3,1,"1","1"
993,3,"26",7,"2017",22,6,"0","3"
60,2,"17",2,"2017",20,23,"2","0"
946,3,"3",4,"2017",20,16,"1","3"
1180,6,"30",9,"2017",12,5,"0","4"
943,3,"3",4,"2017",15,7,"1","5"
1182,6,"30",9,"2017",10,17,"1","0"
951,6,"2",4,"2017",4,22,"3","1"
940,3,"3",4,"2017",11,12,"2","0"
56,1,"18",2,"2017",1,16,"0","0"
1186,6,"30",9,"2017",18,6,"2","2"
1071,3,"5",7,"2017",13,20,"3","1"
989,3,"26",7,"2017",17,3,"0","0"
1239,6,"16",9,"2017",2,1,"0","1"
1259,4,"11",9,"2017",17,22,"0","1"
1053,3,"5",7,"2017",17,15,"0","1"
1227,4,"18",9,"2017",16,11,"4","0"
1262,3,"10",9,"2017",19,16,"2","2"
911,3,"10",4,"2017",1,20,"1","1"
1230,3,"17",9,"2017",5,17,"0","0"
1265,3,"10",9,"2017",24,2,"1","0"
908,3,"10",4,"2017",22,8,"2","3"
1233,3,"17",9,"2017",4,20,"0","0"
904,3,"10",4,"2017",24,6,"1","0"
1236,6,"16",9,"2017",3,15,"2","1"
898,3,"10",4,"2017",2,3,"2","2"
915,3,"10",4,"2017",7,11,"1","1"
1215,6,"23",9,"2017",1,16,"0","1"
1221,6,"23",9,"2017",11,3,"2","1"
1242,6,"16",9,"2017",18,10,"0","0"
1257,7,"12",9,"2017",10,12,"2","0"
1218,6,"23",9,"2017",13,2,"5","0"
1245,6,"16",9,"2017",6,13,"0","6"
1272,6,"9",9,"2017",1,6,"0","2"
1275,6,"9",9,"2017",8,4,"1","2"
1248,6,"16",9,"2017",22,19,"2","1"
1251,6,"16",9,"2017",7,24,"1","1"
1269,6,"9",9,"2017",13,7,"5","0"
1254,6,"16",9,"2017",12,8,"1","1"
931,3,"3",4,"2017",6,5,"1","1"
927,3,"3",4,"2017",18,2,"0","0"
925,4,"4",4,"2017",13,10,"2","1"
937,3,"3",4,"2017",8,24,"1","0"
1278,6,"9",9,"2017",11,5,"0","3"
920,6,"9",4,"2017",10,4,"1","0"
934,3,"3",4,"2017",19,17,"2","1"
1282,6,"9",9,"2017",15,18,"3","1"
869,2,"13",4,"2017",24,19,"1","0"
865,1,"14",4,"2017",7,18,"0","0"
1308,6,"26",10,"2017",22,10,"3","0"
1323,3,"20",10,"2017",19,20,"1","0"
47,3,"21",2,"2017",20,11,"3","1"
1311,6,"26",10,"2017",12,1,"0","0"
1314,6,"26",10,"2017",2,17,"0","2"
1317,7,"22",10,"2017",13,11,"1","1"
43,3,"21",2,"2017",24,10,"1","2"
1320,4,"21",10,"2017",5,4,"1","2"
39,3,"21",2,"2017",4,23,"5","1"
890,3,"10",4,"2017",17,18,"1","0"
1305,6,"26",10,"2017",6,15,"0","0"
886,3,"10",4,"2017",5,19,"5","1"
1294,3,"27",10,"2017",16,8,"2","0"
882,4,"11",4,"2017",16,13,"1","2"
35,3,"21",2,"2017",26,5,"1","7"
1326,3,"20",10,"2017",12,22,"1","0"
1297,3,"27",10,"2017",18,19,"1","1"
24,3,"21",2,"2017",16,2,"2","0"
1330,6,"19",10,"2017",17,16,"0","4"
1300,3,"27",10,"2017",4,11,"2","0"
51,5,"19",2,"2017",8,5,"1","6"
1333,6,"19",10,"2017",1,10,"3","2"
1303,6,"26",10,"2017",3,13,"1","2"
31,3,"21",2,"2017",8,3,"1","1"
1336,6,"19",10,"2017",7,2,"1","0"
18,3,"21",2,"2017",1,19,"0","1"
1285,6,"9",9,"2017",20,3,"3","0"
1291,4,"28",10,"2017",7,20,"4","0"
878,2,"13",4,"2017",2,6,"2","1"
1288,4,"28",10,"2017",5,24,"1","1"
873,2,"13",4,"2017",12,4,"1","3"
27,3,"21",2,"2017",7,25,"3","0"
894,3,"10",4,"2017",12,15,"2","0"
15,3,"21",2,"2017",17,18,"2","1"
861,1,"14",4,"2017",16,3,"1","0"
857,1,"14",4,"2017",5,15,"2","0"
853,1,"14",4,"2017",10,20,"0","0"
1338,6,"19",10,"2017",8,15,"2","0"
820,3,"1",1,"2017",6,5,"1","4"
1341,6,"19",10,"2017",24,18,"0","1"
841,1,"14",4,"2017",17,13,"0","4"
1356,6,"12",10,"2017",20,8,"4","3"
816,3,"1",1,"2017",7,13,"1","0"
1344,6,"19",10,"2017",3,6,"0","2"
1361,6,"12",10,"2017",6,7,"3","3"
837,6,"16",4,"2017",8,2,"0","3"
1363,6,"12",10,"2017",18,3,"1","0"
1347,4,"14",10,"2017",16,10,"4","0"
811,3,"1",1,"2017",24,23,"4","1"
833,3,"17",4,"2017",18,16,"1","2"
1350,3,"13",10,"2017",15,13,"0","2"
1365,6,"12",10,"2017",1,17,"0","0"
796,6,"23",4,"2017",11,4,"0","0"
1353,3,"13",10,"2017",22,5,"0","2"
1368,6,"12",10,"2017",11,19,"1","0"
807,3,"1",1,"2017",4,19,"4","2"
1373,6,"12",10,"2017",4,24,"2","3"
829,3,"17",4,"2017",13,5,"4","1"
792,6,"23",4,"2017",20,7,"3","3"
800,7,"19",4,"2017",11,17,"3","1"
845,1,"14",4,"2017",1,8,"1","4"
13,3,"21",2,"2017",6,13,"0","5"
786,3,"24",4,"2017",8,16,"2","2"
972,2,"29",7,"2017",8,5,"2","1"
795,3,"1",1,"2017",1,18,"1","2"
791,3,"1",1,"2017",17,3,"0","3"
799,3,"1",1,"2017",16,25,"2","1"
788,4,"2",1,"2017",25,8,"0","0"
821,3,"17",4,"2017",20,22,"1","0"
817,3,"17",4,"2017",15,24,"0","0"
813,3,"17",4,"2017",4,1,"1","0"
809,3,"17",4,"2017",6,12,"1","4"
804,4,"18",4,"2017",3,7,"0","4"
825,3,"17",4,"2017",19,10,"0","3"
775,7,"3",1,"2017",11,1,"3","0"
771,7,"3",1,"2017",13,24,"2","1"
768,7,"3",1,"2017",23,7,"2","2"
764,7,"3",1,"2017",18,26,"3","1"
783,4,"2",1,"2017",20,2,"2","0"
730,3,"15",1,"2017",24,1,"1","0"
726,3,"15",1,"2017",26,3,"3","1"
723,3,"15",1,"2017",23,19,"1","3"
719,3,"15",1,"2017",17,20,"0","4"
734,3,"15",1,"2017",8,4,"0","3"
715,3,"15",1,"2017",6,25,"0","0"
753,7,"26",4,"2017",5,1,"5","2"
751,2,"27",4,"2017",7,17,"5","0"
731,2,"27",4,"2017",6,8,"2","1"
747,2,"27",4,"2017",3,10,"3","3"
728,2,"27",4,"2017",18,11,"0","0"
722,1,"28",4,"2017",22,13,"0","1"
743,2,"27",4,"2017",4,15,"2","0"
718,5,"29",4,"2017",2,20,"2","3"
739,2,"27",4,"2017",12,19,"1","1"
757,3,"24",4,"2017",10,22,"2","3"
735,2,"27",4,"2017",16,24,"2","2"
714,3,"31",4,"2017",2,13,"0","0"
849,1,"14",4,"2017",22,11,"0","1"
754,2,"4",1,"2017",19,6,"2","0"
750,2,"4",1,"2017",3,20,"3","3"
776,3,"24",4,"2017",13,3,"4","0"
746,1,"5",1,"2017",5,4,"2","0"
772,3,"24",4,"2017",1,12,"1","1"
742,6,"14",1,"2017",5,18,"4","0"
765,3,"24",4,"2017",19,18,"3","1"
784,3,"24",4,"2017",24,5,"0","3"
738,3,"15",1,"2017",11,13,"4","0"
761,3,"24",4,"2017",17,2,"1","1"
780,3,"24",4,"2017",15,6,"1","0"
760,2,"4",1,"2017",2,17,"1","2"
706,3,"31",4,"2017",3,11,"2","1"
683,3,"22",1,"2017",2,11,"0","1"
702,3,"31",4,"2017",4,19,"5","0"
679,3,"22",1,"2017",25,10,"1","3"
698,3,"31",4,"2017",12,24,"0","0"
675,3,"22",1,"2017",19,16,"1","1"
694,3,"31",4,"2017",7,8,"2","1"
671,3,"22",1,"2017",18,23,"2","0"
710,3,"31",4,"2017",16,1,"0","0"
644,2,"1",6,"2017",23,5,"0","0"
687,3,"22",1,"2017",3,6,"2","2"
640,2,"1",6,"2017",17,1,"2","1"
803,3,"1",1,"2017",8,10,"1","0"
658,2,"1",6,"2017",20,6,"1","2"
655,2,"1",6,"2017",3,2,"0","2"
652,2,"1",6,"2017",24,8,"1","0"
686,3,"31",4,"2017",6,17,"1","2"
663,2,"1",6,"2017",7,4,"1","1"
954,1,"30",7,"2017",4,17,"1","0"
648,2,"1",6,"2017",25,18,"1","1"
711,3,"15",1,"2017",10,2,"3","0"
707,4,"16",1,"2017",16,7,"1","1"
703,6,"21",1,"2017",7,17,"2","3"
699,3,"22",1,"2017",20,24,"2","1"
695,3,"22",1,"2017",1,8,"3","0"
691,3,"22",1,"2017",13,5,"2","2"
635,1,"2",6,"2017",16,26,"0","0"
614,3,"5",6,"2017",5,25,"1","0"
610,3,"5",6,"2017",2,23,"0","4"
606,3,"5",6,"2017",11,3,"6","3"
602,3,"5",6,"2017",26,7,"2","0"
618,3,"5",6,"2017",13,17,"2","1"
690,3,"31",4,"2017",22,15,"0","0"
631,1,"2",6,"2017",19,11,"1","1"
627,1,"2",6,"2017",10,13,"0","4"
623,6,"4",6,"2017",4,20,"3","1"
569,3,"12",6,"2017",16,6,"2","0"
573,3,"12",6,"2017",7,5,"2","0"
564,3,"12",6,"2017",25,11,"0","0"
667,4,"23",1,"2017",4,26,"2","0"
592,3,"5",6,"2017",6,24,"2","1"
588,3,"5",6,"2017",18,19,"1","0"
584,4,"6",6,"2017",8,16,"0","3"
581,6,"11",6,"2017",20,26,"2","0"
597,3,"5",6,"2017",1,10,"1","3"
577,3,"12",6,"2017",24,4,"1","1"
778,7,"3",1,"2017",10,16,"0","2"
526,3,"26",6,"2017",11,23,"2","0"
522,3,"26",6,"2017",26,24,"1","1"
518,3,"26",6,"2017",18,3,"2","1"
514,7,"28",6,"2017",8,7,"3","1"
530,3,"26",6,"2017",2,25,"1","0"
500,3,"5",5,"2017",5,11,"3","2"
559,3,"12",6,"2017",19,2,"1","0"
496,3,"5",5,"2017",7,20,"3","1"
492,3,"5",5,"2017",8,26,"3","1"
504,3,"5",5,"2017",18,2,"0","2"
488,3,"5",5,"2017",19,25,"2","0"
549,4,"13",6,"2017",17,8,"2","0"
544,7,"14",6,"2017",3,13,"0","2"
540,3,"26",6,"2017",5,19,"4","0"
536,3,"26",6,"2017",6,10,"1","1"
555,3,"12",6,"2017",23,1,"0","4"
532,3,"26",6,"2017",4,17,"3","1"
552,3,"12",6,"2017",10,18,"2","2"
1171,3,"1",8,"2017",4,13,"0","1"
479,3,"5",5,"2017",6,1,"3","4"
459,3,"12",5,"2017",11,18,"3","0"
484,3,"5",5,"2017",17,24,"3","2"
455,3,"12",5,"2017",26,17,"2","1"
451,4,"13",5,"2017",7,24,"2","1"
463,3,"12",5,"2017",3,10,"3","2"
447,6,"18",5,"2017",18,20,"3","1"
437,3,"19",5,"2017",25,16,"1","3"
475,4,"6",5,"2017",23,13,"0","2"
433,3,"19",5,"2017",3,17,"2","0"
471,7,"7",5,"2017",10,4,"1","2"
428,3,"19",5,"2017",2,6,"1","0"
415,3,"19",5,"2017",23,24,"0","0"
424,3,"19",5,"2017",11,26,"4","0"
467,1,"9",5,"2017",13,19,"0","0"
411,3,"19",5,"2017",10,8,"2","3"
441,3,"19",5,"2017",5,1,"2","1"
419,3,"19",5,"2017",19,4,"1","2"
407,4,"20",5,"2017",13,7,"1","1"
403,6,"1",3,"2017",24,5,"0","2"
399,6,"1",3,"2017",4,2,"1","2"
395,6,"1",3,"2017",26,10,"2","1"
510,6,"4",5,"2017",16,3,"1","1"
391,6,"1",3,"2017",8,19,"2","0"
346,1,"6",3,"2017",26,25,"4","2"
343,1,"6",3,"2017",1,2,"3","1"
366,4,"3",3,"2017",20,13,"2","2"
387,6,"1",3,"2017",16,18,"0","0"
339,1,"6",3,"2017",17,5,"1","3"
362,2,"5",3,"2017",16,11,"1","1"
334,1,"6",3,"2017",4,13,"2","1"
358,2,"5",3,"2017",24,19,"1","0"
329,1,"6",3,"2017",7,3,"2","2"
354,2,"5",3,"2017",8,23,"2","0"
350,2,"5",3,"2017",6,18,"2","0"
382,6,"1",3,"2017",6,23,"1","0"
378,6,"1",3,"2017",7,11,"3","1"
374,3,"2",3,"2017",17,25,"0","0"
321,6,"8",3,"2017",13,26,"3","1"
325,1,"6",3,"2017",20,10,"3","0"
317,6,"8",3,"2017",25,24,"0","0"
274,6,"15",3,"2017",19,26,"3","1"
269,6,"15",3,"2017",23,10,"2","2"
313,6,"8",3,"2017",19,7,"1","2"
265,6,"15",3,"2017",6,17,"1","0"
262,6,"15",3,"2017",5,3,"4","0"
278,6,"15",3,"2017",11,24,"3","1"
253,3,"16",3,"2017",1,13,"0","3"
250,4,"17",3,"2017",16,4,"2","0"
258,3,"16",3,"2017",18,7,"0","1"
246,7,"18",3,"2017",25,20,"1","2"
297,3,"9",3,"2017",23,16,"0","3"
293,3,"9",3,"2017",3,4,"1","3"
289,4,"10",3,"2017",11,8,"4","2"
309,6,"8",3,"2017",18,1,"0","1"
285,7,"11",3,"2017",2,20,"3","0"
305,6,"8",3,"2017",10,17,"1","0"
281,6,"15",3,"2017",2,8,"2","2"
301,6,"8",3,"2017",5,6,"4","0"
1153,6,"14",8,"2017",5,3,"1","0"
242,6,"22",3,"2017",3,25,"4","0"
238,6,"22",3,"2017",26,6,"2","0"
180,3,"30",3,"2017",16,17,"1","1"
185,6,"29",3,"2017",18,8,"0","1"
176,3,"30",3,"2017",2,24,"0","2"
234,6,"22",3,"2017",17,19,"2","0"
230,6,"22",3,"2017",10,11,"0","0"
226,3,"23",3,"2017",24,16,"0","2"
222,4,"24",3,"2017",7,2,"1","2"
205,1,"27",3,"2017",25,23,"1","0"
201,5,"28",3,"2017",13,16,"0","0"
218,2,"26",3,"2017",4,1,"4","2"
197,6,"29",3,"2017",1,26,"0","0"
193,6,"29",3,"2017",19,10,"0","0"
213,1,"27",3,"2017",2,5,"0","1"
209,1,"27",3,"2017",20,8,"1","0"
189,6,"29",3,"2017",23,3,"0","1"
172,3,"30",3,"2017",11,4,"0","3"
168,3,"30",3,"2017",25,13,"2","2"
94,6,"13",2,"2017",18,4,"0","1"
98,6,"13",2,"2017",13,8,"2","1"
90,6,"13",2,"2017",11,6,"1","0"
370,3,"2",3,"2017",1,3,"0","0"
161,7,"2",2,"2017",6,7,"0","1"
164,4,"1",2,"2017",5,20,"2","0"
157,6,"6",2,"2017",3,19,"2","2"
115,1,"11",2,"2017",1,20,"0","2"
137,6,"6",2,"2017",10,5,"1","0"
153,6,"6",2,"2017",24,18,"2","2"
133,3,"7",2,"2017",7,1,"0","0"
112,6,"13",2,"2017",3,24,"2","1"
149,6,"6",2,"2017",26,23,"0","2"
107,6,"13",2,"2017",25,1,"1","2"
129,3,"7",2,"2017",17,11,"1","0"
145,6,"6",2,"2017",8,6,"3","0"
102,6,"13",2,"2017",23,17,"0","2"
124,4,"8",2,"2017",20,16,"2","0"
141,6,"6",2,"2017",13,2,"5","0"
120,7,"9",2,"2017",4,25,"3","0"
1065,3,"5",7,"2017",10,7,"1","4"
1083,3,"29",8,"2017",3,4,"0","1"
1102,6,"28",8,"2017",2,10,"2","2"
1074,6,"4",7,"2017",19,8,"2","2"
1089,6,"28",8,"2017",16,5,"1","0"
1062,3,"5",7,"2017",12,18,"1","0"
1077,7,"31",8,"2017",24,22,"1","0"
1092,6,"28",8,"2017",18,13,"2","3"
1108,4,"23",8,"2017",5,7,"4","1"
1080,4,"30",8,"2017",8,11,"2","0"
1111,3,"22",8,"2017",1,18,"1","0"
1095,6,"28",8,"2017",6,19,"0","1"
1099,6,"28",8,"2017",7,12,"3","0"
1059,3,"5",7,"2017",22,3,"0","1"
1138,7,"17",8,"2017",8,18,"1","1"
1068,3,"5",7,"2017",5,2,"1","0"
1123,6,"21",8,"2017",17,8,"1","2"
1056,3,"5",7,"2017",1,24,"0","1"
1126,6,"21",8,"2017",19,3,"1","2"
1129,6,"21",8,"2017",22,2,"1","0"
1132,6,"21",8,"2017",13,24,"3","0"
1135,6,"21",8,"2017",12,16,"2","1"
1105,6,"28",8,"2017",20,17,"2","1"
1156,6,"14",8,"2017",17,12,"2","0"
1033,3,"19",7,"2017",24,17,"2","0"
1030,3,"19",7,"2017",2,11,"2","2"
1141,4,"16",8,"2017",1,22,"2","2"
1144,3,"15",8,"2017",6,20,"2","1"
1026,3,"19",7,"2017",8,13,"0","2"
1147,3,"15",8,"2017",15,11,"1","1"
1371,6,"12",10,"2017",2,12,"0","3"
86,3,"14",2,"2017",10,7,"0","4"
1150,6,"14",8,"2017",7,16,"0","0"
1023,3,"19",7,"2017",7,1,"3","0"
1224,6,"23",9,"2017",24,12,"0","0"
1114,3,"22",8,"2017",11,20,"2","5"
1036,3,"19",7,"2017",3,12,"4","0"
1120,6,"21",8,"2017",4,6,"4","2"
1050,4,"6",7,"2017",4,16,"1","0"
1117,6,"21",8,"2017",10,15,"0","3"
1017,4,"20",7,"2017",6,10,"2","0"
1014,7,"21",7,"2017",15,19,"2","2"
1159,6,"14",8,"2017",13,19,"7","2"
1045,4,"6",7,"2017",11,6,"3","2"
1011,6,"25",7,"2017",10,8,"1","1"
1162,6,"14",8,"2017",2,4,"2","1"
1042,6,"18",7,"2017",20,5,"2","0"
1008,3,"26",7,"2017",24,20,"0","1"
1165,6,"14",8,"2017",24,10,"1","1"
1039,3,"19",7,"2017",16,22,"4","1"
999,3,"26",7,"2017",2,19,"2","1"
1167,4,"2",8,"2017",22,7,"1","1"
1005,3,"26",7,"2017",1,11,"4","1"
1020,3,"19",7,"2017",18,4,"0","4"
1002,3,"26",7,"2017",7,4,"1","1"
996,3,"26",7,"2017",16,15,"1","0"
1206,6,"23",9,"2017",10,5,"2","3"
1191,6,"30",9,"2017",16,2,"4","0"
965,1,"30",7,"2017",13,1,"2","1"
983,4,"27",7,"2017",12,13,"1","2"
1195,6,"30",9,"2017",3,8,"0","0"
962,1,"30",7,"2017",19,7,"0","3"
980,2,"29",7,"2017",6,16,"2","4"
82,3,"14",2,"2017",2,26,"4","0"
1212,6,"23",9,"2017",19,4,"0","4"
1197,7,"26",9,"2017",20,18,"2","0"
977,2,"29",7,"2017",18,22,"2","2"
960,1,"30",7,"2017",20,12,"5","0"
1200,4,"25",9,"2017",15,22,"1","0"
957,1,"30",7,"2017",3,24,"1","2"
974,2,"29",7,"2017",15,2,"0","0"
1203,3,"24",9,"2017",8,7,"2","3"
524,6,"3",7,"2018",3,16,"1","2"
517,3,"4",7,"2018",20,7,"1","1"
513,3,"4",7,"2018",21,8,"0","1"
528,7,"30",8,"2018",5,13,"0","1"
546,3,"28",8,"2018",24,4,"0","4"
523,1,"1",6,"2018",22,24,"1","1"
612,3,"7",8,"2018",16,22,"3","2"
633,6,"6",8,"2018",5,21,"1","0"
259,6,"7",3,"2018",3,2,"2","2"
608,4,"8",8,"2018",7,13,"0","0"
152,3,"22",3,"2018",19,24,"1","1"
630,3,"14",1,"2018",5,11,"4","0"
605,6,"20",8,"2018",3,1,"0","0"
280,6,"31",5,"2018",10,1,"3","0"
629,6,"6",8,"2018",6,3,"0","4"
626,3,"14",1,"2018",4,8,"0","0"
600,6,"20",8,"2018",21,14,"4","2"
567,3,"21",1,"2018",10,3,"1","1"
132,6,"28",3,"2018",12,11,"0","2"
622,3,"14",1,"2018",2,24,"1","0"
227,3,"8",3,"2018",13,16,"2","3"
571,3,"21",1,"2018",19,12,"2","0"
563,4,"22",1,"2018",1,5,"1","1"
645,6,"6",8,"2018",24,12,"1","1"
625,6,"6",8,"2018",15,10,"1","0"
621,3,"7",8,"2018",1,4,"0","3"
204,1,"27",4,"2018",6,4,"1","2"
200,1,"27",4,"2018",15,20,"1","1"
547,2,"31",1,"2018",10,2,"1","1"
235,6,"7",3,"2018",11,7,"0","0"
506,3,"4",7,"2018",22,6,"1","0"
543,1,"1",6,"2018",13,18,"3","0"
562,6,"27",8,"2018",14,3,"0","3"
501,3,"4",7,"2018",10,24,"4","2"
539,1,"1",6,"2018",19,6,"0","0"
196,1,"27",4,"2018",24,11,"1","5"
497,4,"5",7,"2018",4,2,"3","1"
558,6,"27",8,"2018",7,21,"4","1"
535,1,"1",6,"2018",5,16,"2","0"
184,1,"27",4,"2018",7,22,"4","0"
494,4,"5",7,"2018",13,1,"6","1"
551,2,"31",1,"2018",17,20,"3","1"
509,3,"4",7,"2018",11,15,"3","1"
192,1,"27",4,"2018",2,21,"0","0"
489,7,"6",7,"2018",12,14,"1","0"
521,3,"4",7,"2018",9,5,"2","3"
81,6,"5",2,"2018",15,16,"1","0"
542,3,"28",8,"2018",2,20,"2","2"
75,3,"6",2,"2018",13,12,"0","0"
520,1,"1",6,"2018",1,15,"1","1"
71,3,"6",2,"2018",11,1,"1","1"
181,1,"27",4,"2018",16,12,"3","1"
67,4,"7",2,"2018",20,24,"5","0"
208,2,"26",4,"2018",14,9,"1","1"
537,3,"28",8,"2018",8,10,"1","1"
560,7,"23",1,"2018",17,7,"1","0"
516,6,"3",6,"2018",24,13,"1","1"
188,1,"27",4,"2018",8,13,"2","1"
534,4,"29",8,"2018",16,11,"2","1"
556,2,"31",1,"2018",12,7,"0","3"
512,3,"4",6,"2018",2,22,"1","1"
231,3,"8",3,"2018",20,1,"3","2"
550,6,"27",8,"2018",6,12,"3","0"
177,1,"27",4,"2018",5,3,"5","0"
527,1,"1",6,"2018",11,8,"2","1"
244,6,"22",4,"2018",9,7,"0","2"
243,6,"7",3,"2018",6,24,"1","2"
505,3,"4",6,"2018",3,19,"2","1"
203,6,"14",3,"2018",1,4,"2","3"
502,3,"4",6,"2018",15,10,"3","1"
199,3,"15",3,"2018",22,20,"2","1"
498,3,"4",6,"2018",8,17,"1","1"
240,3,"23",4,"2018",21,16,"1","5"
195,3,"15",3,"2018",5,13,"1","3"
491,3,"4",6,"2018",16,12,"2","0"
239,6,"7",3,"2018",18,17,"1","1"
508,3,"4",6,"2018",20,11,"5","1"
487,3,"4",6,"2018",18,1,"2","3"
89,6,"5",2,"2018",18,5,"1","0"
481,3,"11",7,"2018",4,11,"0","0"
191,3,"15",3,"2018",7,3,"3","0"
480,7,"6",6,"2018",6,4,"4","1"
477,6,"10",6,"2018",5,20,"1","0"
109,4,"30",3,"2018",16,20,"2","1"
485,6,"10",7,"2018",21,15,"2","1"
473,3,"11",6,"2018",22,16,"1","0"
236,3,"23",4,"2018",3,15,"2","0"
468,3,"11",6,"2018",12,3,"4","1"
121,6,"28",3,"2018",7,19,"0","0"
207,6,"14",3,"2018",17,11,"1","1"
483,4,"5",6,"2018",7,5,"2","2"
63,4,"7",2,"2018",4,7,"1","0"
96,6,"5",2,"2018",8,10,"0","2"
599,7,"16",1,"2018",16,19,"3","0"
228,3,"23",4,"2018",12,1,"1","3"
22,3,"13",2,"2018",7,15,"4","0"
85,6,"5",2,"2018",19,2,"1","2"
59,2,"9",2,"2018",17,1,"0","1"
225,3,"23",4,"2018",13,2,"2","3"
221,3,"23",4,"2018",22,14,"0","0"
912,6,"11",10,"2018",6,15,"2","0"
216,3,"23",4,"2018",10,6,"0","2"
906,6,"11",10,"2018",22,5,"1","2"
182,7,"17",3,"2018",10,19,"1","1"
19,3,"13",2,"2018",16,6,"1","0"
902,6,"11",10,"2018",16,8,"2","1"
212,4,"24",4,"2018",11,5,"2","6"
55,1,"10",2,"2018",13,15,"3","1"
899,3,"12",10,"2018",7,10,"4","0"
179,2,"18",3,"2018",15,5,"1","1"
187,4,"16",3,"2018",16,18,"0","1"
175,1,"19",3,"2018",3,16,"0","2"
617,3,"7",8,"2018",14,20,"1","5"
916,6,"11",10,"2018",12,4,"0","3"
223,4,"9",3,"2018",4,10,"1","1"
575,3,"21",1,"2018",8,6,"2","0"
457,3,"11",6,"2018",19,15,"1","1"
888,4,"13",10,"2018",20,13,"0","2"
16,3,"13",2,"2018",22,4,"3","0"
884,6,"18",10,"2018",11,1,"2","1"
476,3,"11",7,"2018",7,14,"2","0"
26,3,"13",2,"2018",12,20,"0","1"
453,3,"11",6,"2018",17,24,"1","0"
48,1,"10",2,"2018",4,12,"1","1"
413,4,"26",7,"2018",9,12,"0","2"
449,3,"11",6,"2018",10,6,"2","0"
879,6,"18",10,"2018",8,9,"2","0"
445,4,"12",6,"2018",1,7,"0","2"
875,6,"18",10,"2018",5,14,"3","1"
44,1,"10",2,"2018",8,20,"3","1"
410,7,"27",7,"2018",24,22,"1","2"
891,3,"12",10,"2018",9,11,"2","2"
417,3,"25",7,"2018",10,13,"0","4"
461,3,"11",6,"2018",11,2,"3","1"
405,6,"1",4,"2018",21,9,"2","1"
554,6,"27",8,"2018",1,22,"0","0"
438,6,"24",6,"2018",8,19,"1","1"
456,3,"11",7,"2018",1,6,"1","1"
434,3,"25",6,"2018",16,4,"2","1"
472,3,"11",7,"2018",2,5,"0","1"
452,4,"12",7,"2018",20,9,"1","1"
430,3,"25",6,"2018",2,5,"0","1"
469,3,"11",7,"2018",12,10,"1","1"
448,4,"12",7,"2018",13,16,"3","1"
426,3,"25",6,"2018",6,11,"1","0"
414,3,"25",6,"2018",24,1,"1","1"
465,3,"11",7,"2018",8,24,"0","0"
444,3,"25",7,"2018",3,20,"1","2"
409,3,"25",6,"2018",7,10,"4","1"
460,3,"11",7,"2018",22,3,"2","1"
418,3,"25",6,"2018",15,17,"4","1"
442,7,"13",6,"2018",4,18,"3","0"
923,6,"11",10,"2018",3,21,"2","0"
422,3,"25",6,"2018",3,22,"2","2"
52,1,"10",2,"2018",5,22,"1","0"
406,3,"25",6,"2018",18,12,"1","2"
531,1,"1",6,"2018",4,3,"0","3"
919,6,"11",10,"2018",14,2,"0","2"
867,6,"18",10,"2018",21,22,"0","0"
402,5,"2",5,"2018",20,13,"0","3"
436,3,"25",7,"2018",15,8,"1","1"
871,6,"18",10,"2018",10,3,"1","2"
401,3,"2",4,"2018",20,5,"4","2"
432,3,"25",7,"2018",11,21,"1","0"
863,3,"19",10,"2018",24,6,"1","3"
779,3,"2",9,"2018",21,20,"2","3"
140,6,"28",3,"2018",24,15,"0","0"
429,3,"25",7,"2018",14,1,"3","2"
398,6,"3",5,"2018",24,11,"2","1"
397,3,"2",4,"2018",4,14,"2","0"
425,3,"25",7,"2018",16,2,"0","0"
440,3,"25",7,"2018",5,4,"3","1"
421,3,"25",7,"2018",6,7,"0","3"
219,6,"14",3,"2018",24,8,"2","1"
128,6,"28",3,"2018",22,18,"0","1"
859,3,"19",10,"2018",13,12,"6","1"
347,3,"11",5,"2018",11,15,"2","0"
390,3,"4",5,"2018",7,22,"2","0"
388,3,"2",4,"2018",2,24,"2","0"
342,3,"11",5,"2018",12,17,"0","0"
384,3,"2",4,"2018",12,15,"1","2"
337,3,"11",5,"2018",22,1,"3","0"
381,3,"2",4,"2018",8,6,"2","0"
332,3,"11",5,"2018",18,8,"1","4"
377,3,"2",4,"2018",13,3,"3","1"
324,4,"12",5,"2018",3,5,"1","4"
351,3,"11",5,"2018",4,2,"2","1"
320,7,"13",5,"2018",19,13,"0","2"
367,4,"5",5,"2018",13,4,"1","0"
12,3,"13",2,"2018",1,13,"0","1"
363,7,"6",5,"2018",2,16,"2","3"
855,3,"19",10,"2018",4,20,"3","2"
6,3,"13",2,"2018",10,11,"3","1"
359,6,"10",5,"2018",16,7,"2","1"
355,3,"11",5,"2018",20,6,"3","0"
323,3,"9",4,"2018",8,5,"0","2"
327,6,"8",4,"2018",3,7,"0","4"
371,3,"4",5,"2018",6,18,"1","0"
319,3,"9",4,"2018",4,13,"2","0"
818,3,"26",10,"2018",7,15,"1","0"
814,4,"27",10,"2018",14,24,"4","2"
810,4,"27",10,"2018",22,4,"1","2"
464,3,"11",6,"2018",13,8,"5","1"
852,4,"20",10,"2018",15,16,"3","2"
806,7,"28",10,"2018",16,5,"0","3"
40,5,"11",2,"2018",10,16,"0","0"
822,3,"26",10,"2018",6,2,"2","1"
215,6,"14",3,"2018",2,15,"3","2"
10,3,"13",2,"2018",17,19,"1","2"
36,3,"13",2,"2018",24,3,"1","2"
148,4,"23",3,"2018",13,17,"5","0"
844,6,"25",10,"2018",20,10,"3","1"
30,3,"13",2,"2018",2,18,"2","0"
8,3,"13",2,"2018",5,8,"5","4"
386,3,"4",5,"2018",8,3,"1","1"
840,6,"25",10,"2018",3,11,"2","2"
211,6,"14",3,"2018",12,6,"1","0"
835,6,"25",10,"2018",12,21,"0","0"
798,6,"1",9,"2018",4,3,"2","0"
116,3,"29",3,"2018",10,13,"1","4"
831,6,"25",10,"2018",1,8,"1","2"
794,6,"1",9,"2018",2,1,"0","2"
383,3,"4",5,"2018",1,19,"0","0"
790,6,"1",9,"2018",11,12,"1","1"
828,6,"25",10,"2018",9,13,"1","1"
848,7,"21",10,"2018",2,7,"0","2"
802,6,"1",9,"2018",15,14,"2","2"
105,7,"1",2,"2018",5,6,"2","0"
787,6,"1",9,"2018",10,9,"0","1"
392,3,"2",4,"2018",1,16,"2","2"
732,4,"17",9,"2018",11,10,"1","3"
379,3,"4",5,"2018",17,10,"4","1"
727,7,"18",9,"2018",1,15,"2","2"
173,5,"28",4,"2018",1,10,"1","2"
724,6,"22",9,"2018",24,3,"4","0"
156,3,"22",3,"2018",20,10,"4","1"
720,6,"22",9,"2018",21,13,"0","5"
736,3,"16",9,"2018",6,16,"1","2"
171,5,"20",3,"2018",24,4,"1","2"
782,6,"1",9,"2018",8,7,"1","2"
716,6,"22",9,"2018",2,22,"0","0"
895,3,"12",10,"2018",1,24,"0","0"
756,6,"15",9,"2018",12,2,"0","1"
774,3,"2",9,"2018",13,22,"2","1"
752,6,"15",9,"2018",13,14,"3","0"
375,3,"4",5,"2018",5,12,"2","0"
770,4,"3",9,"2018",24,16,"0","2"
748,6,"15",9,"2018",22,20,"1","2"
369,4,"3",4,"2018",7,11,"1","0"
767,4,"3",9,"2018",6,5,"2","1"
744,6,"15",9,"2018",5,7,"1","2"
344,1,"6",4,"2018",5,1,"3","1"
762,6,"15",9,"2018",3,8,"4","2"
740,3,"16",9,"2018",9,24,"1","0"
365,2,"5",4,"2018",6,13,"1","2"
759,6,"15",9,"2018",4,21,"4","1"
340,1,"6",4,"2018",24,7,"1","3"
169,3,"30",4,"2018",24,10,"2","0"
361,2,"5",4,"2018",3,12,"2","1"
336,1,"6",4,"2018",11,22,"1","1"
125,6,"28",3,"2018",1,3,"2","1"
357,2,"5",4,"2018",15,2,"3","1"
333,1,"6",4,"2018",14,8,"1","1"
167,5,"20",3,"2018",8,1,"0","0"
330,1,"6",4,"2018",9,4,"2","1"
353,2,"5",4,"2018",10,21,"3","1"
136,6,"28",3,"2018",2,8,"5","0"
349,1,"6",4,"2018",16,20,"2","2"
91,6,"5",2,"2018",6,22,"2","1"
372,3,"2",4,"2018",22,10,"0","3"
111,3,"29",3,"2018",17,4,"0","1"
300,6,"31",5,"2018",15,8,"0","2"
296,6,"31",5,"2018",16,17,"2","0"
316,3,"18",5,"2018",7,6,"5","0"
292,6,"31",5,"2018",22,12,"1","0"
315,3,"9",4,"2018",20,12,"1","0"
312,3,"18",5,"2018",3,18,"2","1"
288,6,"31",5,"2018",6,3,"2","2"
308,3,"18",5,"2018",12,2,"0","2"
284,6,"31",5,"2018",18,24,"1","2"
252,4,"17",4,"2018",7,16,"3","1"
304,3,"18",5,"2018",19,11,"1","2"
256,3,"16",4,"2018",9,3,"2","0"
248,6,"22",4,"2018",20,24,"3","1"
394,3,"4",5,"2018",15,20,"2","1"
661,6,"29",9,"2018",10,16,"3","1"
299,3,"9",4,"2018",10,2,"3","2"
657,3,"30",9,"2018",4,7,"1","1"
295,4,"10",4,"2018",22,9,"1","2"
159,3,"30",4,"2018",2,4,"0","1"
653,4,"1",8,"2018",21,24,"1","2"
291,7,"11",4,"2018",11,6,"2","2"
144,7,"24",3,"2018",11,22,"1","0"
649,7,"2",8,"2018",3,2,"2","1"
712,6,"22",9,"2018",8,12,"3","1"
158,3,"30",4,"2018",7,20,"5","1"
287,6,"15",4,"2018",13,11,"3","1"
138,3,"30",4,"2018",6,22,"1","1"
665,6,"29",9,"2018",9,1,"2","0"
283,3,"16",4,"2018",15,4,"1","2"
251,6,"7",3,"2018",8,22,"1","2"
708,6,"22",9,"2018",7,1,"3","0"
704,6,"22",9,"2018",16,9,"1","1"
682,4,"1",1,"2018",15,3,"2","2"
303,3,"9",4,"2018",16,14,"4","1"
701,6,"22",9,"2018",14,6,"1","1"
255,6,"7",3,"2018",15,12,"1","1"
678,4,"1",1,"2018",18,20,"1","1"
697,3,"23",9,"2018",10,4,"0","0"
674,7,"2",1,"2018",11,16,"0","2"
154,3,"30",4,"2018",15,11,"1","0"
693,3,"23",9,"2018",15,5,"1","2"
670,7,"2",1,"2018",24,7,"1","2"
247,6,"7",3,"2018",19,5,"1","2"
276,3,"16",4,"2018",14,10,"0","2"
272,3,"16",4,"2018",2,8,"1","0"
268,3,"16",4,"2018",12,22,"0","1"
310,3,"9",4,"2018",24,15,"1","0"
264,3,"16",4,"2018",5,24,"1","0"
642,1,"4",1,"2018",20,4,"2","2"
638,5,"5",1,"2018",5,10,"1","1"
684,6,"29",9,"2018",20,6,"2","0"
662,7,"2",1,"2018",19,22,"0","1"
134,4,"31",4,"2018",16,3,"4","1"
680,6,"29",9,"2018",11,14,"3","0"
659,2,"3",1,"2018",13,6,"3","1"
306,3,"9",4,"2018",21,1,"1","0"
676,6,"29",9,"2018",12,5,"0","2"
654,2,"3",1,"2018",1,2,"1","2"
260,3,"16",4,"2018",6,21,"3","2"
650,2,"3",1,"2018",17,5,"0","2"
672,6,"29",9,"2018",13,15,"2","0"
150,3,"30",4,"2018",14,12,"1","0"
668,6,"29",9,"2018",22,8,"0","2"
646,2,"3",1,"2018",10,18,"2","1"
641,6,"6",8,"2018",2,9,"0","1"
666,7,"2",1,"2018",8,12,"3","0"
688,4,"24",9,"2018",20,11,"2","0"
637,6,"6",8,"2018",8,11,"1","2"
165,3,"30",4,"2018",1,13,"1","3"
591,3,"21",1,"2018",13,22,"3","1"
279,3,"16",4,"2018",1,20,"3","2"
587,3,"21",1,"2018",20,2,"4","1"
583,3,"21",1,"2018",24,16,"0","1"
328,3,"11",5,"2018",10,24,"0","3"
579,3,"21",1,"2018",11,18,"1","1"
146,3,"30",4,"2018",8,21,"0","1"
570,7,"23",8,"2018",20,8,"3","1"
275,6,"31",5,"2018",2,7,"1","2"
574,4,"22",8,"2018",11,2,"2","0"
595,6,"20",1,"2018",15,4,"0","4"
566,6,"27",8,"2018",15,9,"1","0"
101,6,"5",2,"2018",3,17,"1","0"
594,6,"20",8,"2018",22,15,"0","1"
615,3,"14",1,"2018",22,17,"1","1"
589,6,"20",8,"2018",10,5,"0","1"
634,3,"14",1,"2018",3,20,"2","1"
611,3,"14",1,"2018",6,1,"2","2"
271,3,"1",3,"2018",20,19,"3","0"
586,6,"20",8,"2018",9,6,"0","2"
607,3,"14",1,"2018",18,15,"2","0"
142,3,"30",4,"2018",5,9,"1","3"
582,6,"20",8,"2018",4,16,"2","2"
603,4,"15",1,"2018",7,13,"4","3"
267,3,"1",3,"2018",11,13,"1","3"
578,3,"21",8,"2018",12,7,"0","1"
596,6,"20",8,"2018",13,24,"5","0"
163,6,"21",3,"2018",6,2,"0","0"
619,3,"14",1,"2018",12,10,"1","4"
263,4,"2",3,"2018",4,5,"1","3"
232,3,"23",4,"2018",4,8,"0","1"
160,6,"21",3,"2018",18,7,"2","2"
114,1,"3",1,"2019",3,6,"3","3"
5,2,"30",1,"2019",9,10,"3","0"
110,1,"3",1,"2019",4,1,"0","0"
46,3,"20",1,"2019",20,4,"2","0"
34,3,"20",1,"2019",16,15,"2","1"
106,1,"3",1,"2019",12,24,"1","2"
122,2,"2",1,"2019",20,14,"4","1"
103,1,"3",1,"2019",10,15,"2","2"
3,1,"31",1,"2019",5,6,"2","1"
118,1,"3",1,"2019",22,16,"0","2"
99,1,"3",1,"2019",9,2,"0","2"
126,2,"2",1,"2019",21,5,"0","3"
42,3,"20",1,"2019",3,10,"2","0"
83,3,"13",1,"2019",4,22,"2","1"
66,3,"13",1,"2019",8,1,"1","2"
7,2,"30",1,"2019",12,11,"0","1"
11,2,"30",1,"2019",20,21,"2","1"
62,4,"14",1,"2019",5,16,"0","1"
79,3,"13",1,"2019",15,7,"0","1"
1,1,"31",1,"2019",1,2,"1","1"
130,7,"1",1,"2019",11,8,"0","1"
32,3,"20",1,"2019",22,21,"3","0"
88,3,"13",1,"2019",11,3,"2","0"
54,6,"19",1,"2019",9,8,"4","3"
4,1,"31",1,"2019",7,8,"1","1"
70,3,"13",1,"2019",2,6,"1","2"
2,1,"31",1,"2019",3,4,"4","0"
97,5,"4",1,"2019",13,7,"2","1"
38,3,"20",1,"2019",7,2,"4","3"
25,3,"20",1,"2019",6,24,"0","0"
9,2,"30",1,"2019",14,15,"4","2"
77,3,"13",1,"2019",24,14,"2","1"
92,6,"12",1,"2019",10,20,"1","0"
58,7,"15",1,"2019",13,9,"3","0"
74,3,"13",1,"2019",21,12,"0","0"
14,2,"30",1,"2019",22,13,"2","1"
21,4,"21",1,"2019",14,5,"1","2"
28,3,"20",1,"2019",1,11,"2","1"
50,3,"20",1,"2019",12,13,"0","3"
17,2,"30",1,"2019",16,24,"2","2"
